Company,Inches,CPU_freq,RAM,OS,Weight,Price,cpu_brand,Resolution_width,Resolution_height,Memory,Primary_storage,Secondary_storage
Apple,13.3,1.8,8,macos,1.34,3209.032,Intel,900,1440,SSD,128,0
Apple,15.4,2.7,16,macos,1.83,9058.065,Intel,1800,2880,SSD,512,0
Apple,13.3,3.1,8,macos,1.37,6438.432000000001,Intel,1600,2560,SSD,256,0
Acer,15.6,3.0,4,Windows,2.1,1427.904,AMD,768,1366,Hybrid,500,0
Apple,15.4,2.2,16,macos,2.04,7639.206,Intel,1800,2880,SSD,256,0
Apple,13.3,1.8,8,macos,1.34,4136.312,Intel,900,1440,SSD,256,0
Asus,14.0,1.8,16,Windows,1.3,5336.818,Intel,1080,1920,SSD,512,0
Acer,14.0,1.6,8,Windows,1.6,2748.742,Intel,1080,1920,SSD,256,0
Apple,15.4,2.8,16,macos,1.83,8710.134,Intel,1800,2880,SSD,256,0
Dell,15.6,2.0,4,Windows,2.2,1780.9270000000001,Intel,1080,1920,SSD,256,0
Apple,12.0,1.2,8,macos,0.92,4506.487,Intel,1440,2304,SSD,256,0
Apple,13.3,2.3,8,macos,1.37,5420.836,Intel,1600,2560,SSD,256,0
Dell,15.6,2.7,8,Windows,2.2,2659.498,Intel,1080,1920,SSD,256,0
Apple,15.4,2.9,16,macos,1.83,10202.358,Intel,1800,2880,SSD,512,0
Dell,13.3,1.6,8,Windows,1.22,3494.7870000000003,Intel,1080,1920,SSD,128,0
Lenovo,15.6,2.5,8,Windows,2.5,3566.2090000000003,Intel,1080,1920,Hybrid,128,1
Dell,13.3,1.6,8,Windows,1.62,2923.612,Intel,1080,1920,SSD,256,0
HP,15.6,1.8,8,Windows,1.91,2352.5040000000004,Intel,1080,1920,SSD,256,0
Dell,15.6,2.0,4,Windows,2.3,1494.4350000000002,Intel,768,1366,Hybrid,1,0
Apple,13.3,1.6,8,macos,1.35,3923.1850000000004,Intel,900,1440,SSD,128,0
Dell,15.6,1.6,8,Windows,2.2,2855.808,Intel,1080,1920,SSD,256,0
Dell,15.6,1.9,8,Windows,1.88,4633.519,Intel,1080,1920,SSD,256,262144
HP,17.3,1.6,8,Windows,2.5,3198.5130000000004,Intel,1080,1920,Hybrid,1,0
Asus,14.0,1.5,2,Windows,1.65,710.4010000000001,AMD,768,1366,SSD,32,0
HP,17.3,2.5,4,Windows,2.71,1567.13,AMD,1080,1920,Hybrid,500,0
Dell,13.3,1.8,16,Windows,1.2,6671.860000000001,Intel,1800,3200,SSD,512,0
Apple,13.3,1.6,8,macos,1.35,3562.5910000000003,Intel,900,1440,SSD,256,0
Lenovo,14.0,1.1,4,Windows,1.44,888.889,Intel,768,1366,SSD,64,0
Acer,15.6,2.7,4,Linux,2.1,1310.1180000000002,Intel,768,1366,Hybrid,1,0
Dell,17.3,1.6,8,Windows,2.8,3494.7870000000003,Intel,1080,1920,Hybrid,128,1
HP,15.6,2.5,4,Windows,1.86,1744.479,Intel,768,1366,Hybrid,1,0
HP,15.6,1.6,8,Windows,2.1,3137.811,Intel,1080,1920,SSD,256,0
Asus,15.6,2.0,4,Linux,2,1388.642,Intel,1080,1920,Hybrid,1,0
Dell,15.6,2.8,16,Windows,2.65,5351.089,Intel,1080,1920,Hybrid,256,1
Asus,15.6,2.5,8,Linux,2.3,1866.9550000000002,Intel,768,1366,Hybrid,1,0
Acer,15.6,1.6,4,Windows,2.2,2434.579,Intel,1080,1920,SSD,256,0
Dell,17.3,1.6,12,Windows,2.77,3566.2090000000003,Intel,1080,1920,Hybrid,1,0
Apple,13.3,2.0,8,macos,1.37,5065.468000000001,Intel,1600,2560,SSD,256,0
Asus,17.3,3.0,8,Windows,3.2,4637.137000000001,AMD,1080,1920,Hybrid,256,1
Dell,15.6,2.5,4,Windows,2.3,2281.0820000000003,Intel,1080,1920,SSD,256,0
Asus,17.3,1.1,4,Windows,2.8,1663.476,Intel,768,1366,Hybrid,1,0
Acer,15.6,1.8,8,Windows,2.2,3002.136,Intel,1080,1920,SSD,256,0
HP,15.6,2.5,4,Windows,1.86,1422.544,AMD,1080,1920,SSD,256,0
HP,13.3,1.8,8,Windows,1.49,3937.456,Intel,1080,1920,SSD,512,0
Acer,15.6,2.4,4,Windows,2.4,1370.8200000000002,Intel,768,1366,Hybrid,1,0
Dell,15.6,1.8,8,Windows,2.13,2740.8360000000002,Intel,1080,1920,SSD,256,0
HP,15.6,2.0,4,Windows,1.91,1567.13,Intel,1080,1920,SSD,128,0
Asus,15.6,2.5,4,Windows,2,2092.5440000000003,Intel,768,1366,SSD,256,0
Asus,15.6,2.0,4,Linux,2,1481.4370000000001,Intel,1080,1920,SSD,256,0
Dell,17.3,1.8,16,Windows,2.8,4637.137000000001,Intel,1080,1920,Hybrid,256,2
Dell,14.0,1.6,8,Windows,1.7,3137.811,Intel,1080,1920,SSD,256,0
Asus,14.0,1.6,8,Windows,1.4,3359.112,Intel,1080,1920,SSD,256,0
HP,15.6,2.5,8,Windows,1.86,2463.121,Intel,1080,1920,SSD,256,0
Asus,15.6,2.8,16,Windows,1.8,7078.818,Intel,1080,1920,SSD,512,0
HP,15.6,2.0,4,Windows,1.86,1565.991,Intel,768,1366,Hybrid,500,0
HP,14.0,1.6,4,Windows,1.44,817.4670000000001,Intel,768,1366,SSD,32,0
Lenovo,15.6,2.5,4,Windows,1.9,1959.817,Intel,1080,1920,Hybrid,1,0
Asus,17.3,2.8,12,Linux,3,3387.721,Intel,1080,1920,Hybrid,1,0
Microsoft,13.5,2.5,4,Windows,1.252,3887.474,Intel,1504,2256,SSD,128,0
Dell,13.3,1.8,64,Windows,1.4,3409.094,Intel,1080,1920,SSD,256,0
Dell,15.6,1.8,8,Windows,2.2,3105.7180000000003,Intel,1080,1920,SSD,256,0
Acer,14.0,2.0,8,Windows,2.1,1388.642,Intel,768,1366,Hybrid,1,0
Asus,15.6,2.8,8,Windows,2.2,3387.721,Intel,1080,1920,Hybrid,1,0
Dell,15.6,1.8,8,Windows,2.02,3052.1180000000004,Intel,1080,1920,Hybrid,128,1
Acer,15.6,2.7,4,Windows,2.2,1891.9460000000001,Intel,1080,1920,Hybrid,1,0
HP,17.3,1.6,8,Windows,2.5,3487.6850000000004,Intel,1080,1920,Hybrid,128,1
Dell,15.6,1.6,8,Windows,1.88,3913.001,Intel,1080,1920,SSD,256,0
Apple,12.0,1.3,8,macos,0.92,5390.351000000001,Intel,1440,2304,SSD,512,0
HP,14.0,1.6,8,Windows,1.63,3070.007,Intel,1080,1920,SSD,256,0
Lenovo,15.6,2.5,4,Windows,2.2,1424.353,AMD,1080,1920,SSD,128,0
Acer,15.6,3.0,4,Windows,2.1,1410.082,AMD,768,1366,Hybrid,1,0
Dell,15.6,2.8,16,Windows,2.65,4815.625,Intel,1080,1920,Hybrid,128,1
HP,15.6,1.8,8,Windows,1.83,2495.281,Intel,1080,1920,SSD,256,0
HP,15.6,2.5,8,Windows,1.96,2138.2380000000003,Intel,1080,1920,SSD,256,0
Asus,15.6,2.8,16,Windows,2.2,5172.601000000001,Intel,1080,1920,Hybrid,128,1
Dell,13.3,1.8,8,Windows,1.21,5886.553000000001,Intel,1080,1920,SSD,256,0
Asus,15.6,3.0,8,Windows,2.45,2495.281,AMD,1080,1920,Hybrid,1,0
Acer,15.6,1.8,2,Windows,2.2,2459.57,Intel,1080,1920,Hybrid,1,0
HP,13.3,1.8,16,Windows,1.49,4272.992,Intel,1080,1920,SSD,512,0
Dell,15.6,2.5,8,Windows,2.65,4265.89,Intel,1080,1920,SSD,256,0
Asus,14.0,2.7,8,Windows,1.25,3744.697,Intel,1080,1920,SSD,256,0
Acer,13.3,1.6,8,Windows,1.5,3023.576,Intel,1080,1920,SSD,256,0
Dell,15.6,2.7,8,Linux,2.2,2141.521,Intel,1080,1920,Hybrid,1,0
Dell,15.6,2.0,4,Linux,2.2,1731.3470000000002,Intel,1080,1920,SSD,256,0
Asus,15.6,2.4,6,Windows,2,2059.781,Intel,1080,1920,SSD,256,0
HP,15.6,2.8,12,Windows,2.62,4458.649,Intel,1080,1920,Hybrid,128,1
HP,15.6,2.7,8,Windows,1.91,2566.636,Intel,1080,1920,SSD,256,0
HP,15.6,1.5,4,Windows,2.1,1245.865,AMD,1080,1920,Hybrid,500,0
Dell,15.6,1.6,8,Linux,2.2,2309.6240000000003,Intel,1080,1920,Hybrid,1,0
HP,13.3,2.7,8,Windows,1.38,3994.5400000000004,Intel,1080,1920,SSD,256,0
Microsoft,13.5,2.5,8,Windows,1.252,4783.465,Intel,1504,2256,SSD,256,0
HP,14.0,2.5,6,Windows,1.58,2352.5040000000004,Intel,1080,1920,SSD,256,0
Lenovo,15.6,2.0,4,Windows,1.85,1481.102,Intel,1080,1920,Hybrid,1,0
Asus,14.0,2.7,8,Windows,1.3,4258.7210000000005,Intel,1080,1920,SSD,256,0
Lenovo,14.0,2.7,8,Windows,1.58,5283.218000000001,Intel,1080,1920,SSD,256,0
Asus,15.6,1.8,16,Windows,1.5,4505.013,Intel,1080,1920,Hybrid,256,1
Dell,13.3,2.4,8,Windows,1.23,4922.691000000001,Intel,1800,3200,SSD,256,0
Lenovo,13.3,2.5,8,Windows,1.37,4994.113,Intel,1080,1920,SSD,256,0
HP,14.0,1.6,4,Windows,1.63,2577.356,Intel,768,1366,Hybrid,500,0
Dell,13.3,1.6,8,Windows,1.21,5815.131,Intel,1080,1920,SSD,256,0
HP,14.0,1.8,8,Windows,1.63,3869.652,Intel,1080,1920,SSD,512,0
Dell,15.6,1.8,8,Windows,2.16,4035.0080000000003,Intel,1080,1920,Hybrid,256,1
Asus,17.3,2.0,4,Windows,2,2013.3500000000001,Intel,1080,1920,Hybrid,1,0
Asus,15.6,1.8,8,Windows,1.7,3990.989,Intel,1080,1920,SSD,256,0
Acer,15.6,2.4,6,Windows,2.1,1709.9070000000002,Intel,1080,1920,Hybrid,1,0
HP,17.3,1.8,16,Windows,2.5,4537.173000000001,Intel,1080,1920,SSD,512,0
Acer,15.6,3.0,4,Windows,2.1,1609.943,AMD,768,1366,SSD,256,0
HP,14.0,1.6,8,Windows,1.63,2898.621,Intel,1080,1920,Hybrid,1,0
Asus,14.0,1.5,4,Windows,1.65,992.3370000000001,AMD,768,1366,SSD,64,0
Dell,17.3,1.8,16,Windows,2.8,4983.393,Intel,1080,1920,Hybrid,256,2
HP,17.3,1.6,8,Windows,2.5,3312.748,Intel,1080,1920,SSD,256,0
Dell,15.6,2.5,8,Windows,2.36,2281.0150000000003,Intel,768,1366,Hybrid,1,0
Dell,15.6,2.0,4,Windows,2.2,1602.8410000000001,Intel,1080,1920,Hybrid,1,0
Acer,14.0,1.8,8,Windows,1.6,3155.7000000000003,Intel,1080,1920,SSD,256,0
Acer,15.6,2.7,4,Windows,7.2,2041.892,Intel,1080,1920,SSD,256,0
HP,15.6,2.7,8,Windows,2.05,2134.6870000000004,Intel,768,1366,Hybrid,1,0
HP,14.0,1.8,8,Windows,1.63,3526.947,Intel,1080,1920,SSD,256,0
Asus,17.3,2.5,8,Windows,3,3348.4590000000003,Intel,1080,1920,Hybrid,128,1
HP,13.3,2.5,4,Windows,1.32,2495.281,Intel,1080,1920,SSD,256,0
Acer,17.3,2.7,4,Windows,3,2338.166,Intel,1080,1920,Hybrid,1,0
Lenovo,14.0,1.6,8,Windows,1.75,3983.954,Intel,1080,1920,SSD,256,0
HP,15.6,2.5,4,Windows,1.86,1317.22,AMD,768,1366,SSD,256,0
Asus,14.0,1.8,8,Windows,1.25,3923.1850000000004,Intel,1080,1920,SSD,256,0
HP,12.5,1.2,8,Windows,0.97,7189.502,Intel,2160,3840,SSD,512,0
Asus,15.6,1.1,4,Windows,2,1227.976,Intel,1080,1920,Hybrid,1,0
Acer,15.6,2.0,4,Windows,2.1,1595.672,Intel,768,1366,Hybrid,1,0
Dell,15.6,2.8,16,Windows,2.56,4459.587,Intel,1080,1920,SSD,512,0
Dell,15.6,2.8,8,Windows,2.62,3209.233,Intel,1080,1920,Hybrid,1,0
Lenovo,15.6,2.5,4,Windows,1.9,1777.711,Intel,768,1366,SSD,128,0
HP,14.0,2.7,4,Windows,1.48,3862.483,Intel,1080,1920,SSD,256,0
HP,15.6,1.6,6,Windows,1.91,2209.6600000000003,Intel,1080,1920,SSD,256,0
Lenovo,14.0,2.4,4,Windows,1.74,2245.371,Intel,1080,1920,SSD,256,0
Asus,13.3,1.6,8,Windows,1.1,4694.2210000000005,Intel,1080,1920,SSD,256,0
Dell,15.6,1.8,8,Windows,1.56,3744.697,Intel,1080,1920,SSD,256,0
Asus,15.6,3.0,4,Windows,2.03,1438.624,AMD,768,1366,Hybrid,1,0
Acer,17.3,1.6,4,Windows,3,2873.63,Intel,1080,1920,SSD,256,0
Dell,15.6,1.6,8,Windows,2.13,2598.7960000000003,Intel,1080,1920,SSD,256,0
Lenovo,15.6,2.8,16,Windows,2.5,3851.7630000000004,Intel,1080,1920,SSD,256,0
Acer,15.6,1.1,4,Windows,2.1,1242.247,Intel,768,1366,Hybrid,1,0
Acer,15.6,1.1,4,Windows,2.1,1297.6560000000002,Intel,768,1366,Hybrid,1,0
Dell,15.6,2.8,8,Windows,2.56,3785.701,Intel,1080,1920,Hybrid,128,1
Acer,17.3,1.6,8,Windows,3,3048.567,Intel,1080,1920,SSD,256,0
HP,13.3,1.6,4,Windows,1.49,2691.5910000000003,Intel,1080,1920,Hybrid,500,0
HP,17.3,2.5,6,Windows,2.71,2495.281,Intel,1080,1920,Hybrid,2,0
HP,17.3,1.6,8,Windows,2.5,3294.8590000000004,Intel,1080,1920,SSD,256,0
Dell,15.6,2.4,8,Windows,2.3,1638.5520000000001,Intel,768,1366,Hybrid,1,0
Acer,15.6,2.0,4,Windows,2.1,1602.8410000000001,Intel,768,1366,SSD,128,0
Lenovo,15.6,2.5,8,Windows,1.90,2902.239,Intel,1080,1920,Hybrid,128,1
HP,13.3,1.6,8,Windows,1.29,5351.089,Intel,2160,3840,SSD,256,0
Dell,15.6,1.8,16,Linux,2.02,3744.697,Intel,1080,1920,Hybrid,256,2
Dell,13.3,1.6,8,Windows,1.23,4994.113,Intel,1080,1920,SSD,256,0
Lenovo,13.9,1.8,16,Windows,1.4,6600.505,Intel,2160,3840,SSD,512,0
Dell,17.3,1.8,16,Windows,2.77,5529.577,Intel,1080,1920,SSD,512,0
Dell,15.6,2.8,16,Windows,2.06,8556.704,Intel,2160,3840,SSD,512,0
Acer,13.3,1.2,8,Windows,1.12,3530.498,Intel,1080,1920,SSD,256,0
Dell,17.3,1.8,8,Windows,2.8,3873.2030000000004,Intel,1080,1920,Hybrid,128,1
Dell,13.3,1.8,8,Windows,1.62,2995.034,Intel,1080,1920,Hybrid,1,0
HP,17.3,1.6,8,Windows,2.5,3262.766,Intel,1080,1920,Hybrid,1,0
HP,13.3,1.6,8,Windows,1.49,3423.4320000000002,Intel,1080,1920,SSD,512,0
HP,17.3,2.8,16,Windows,3.35,4922.691000000001,Intel,1080,1920,Hybrid,256,1
HP,17.3,1.8,8,Windows,2.5,3730.4260000000004,Intel,1080,1920,SSD,256,0
Dell,15.6,2.8,16,Windows,2.65,6586.234,Intel,2160,3840,Hybrid,512,1
Lenovo,15.6,2.3,4,Windows,2.1,1759.8890000000001,Intel,768,1366,SSD,128,0
Acer,15.6,2.7,8,Windows,2.23,2648.7780000000002,Intel,1080,1920,Hybrid,1,0
Lenovo,15.6,2.8,16,Windows,3.2,6243.529,Intel,1080,1920,Hybrid,512,1
Dell,15.6,3.0,16,Windows,2.8,10905.59,Intel,2160,3840,Hybrid,256,1
Dell,15.6,2.4,6,Windows,2.3,1567.13,Intel,768,1366,Hybrid,1,0
Dell,13.3,1.8,8,Windows,1.21,6957.481000000001,Intel,2160,3840,SSD,256,0
Dell,13.3,1.8,8,Windows,?,5172.601000000001,Intel,1080,1920,SSD,256,0
Acer,15.6,2.8,8,Linux,2.4,2780.835,Intel,1080,1920,Hybrid,1,0
Asus,17.3,2.8,16,Windows,2.9,5022.655000000001,Intel,1080,1920,Hybrid,256,1
Dell,13.3,1.8,8,Windows,1.4,3326.617,Intel,1080,1920,SSD,256,0
HP,14.0,1.8,8,Windows,1.63,3680.4440000000004,Intel,1080,1920,SSD,256,0
Dell,14.0,1.6,8,Windows,1.6,4101.673000000001,Intel,1080,1920,SSD,256,0
Dell,13.3,1.8,16,Windows,1.62,4565.715,Intel,1080,1920,SSD,512,0
Dell,15.6,1.6,8,Linux,2.2,2417.963,Intel,1080,1920,SSD,256,0
Lenovo,14.0,1.6,8,Windows,1.74,3209.233,Intel,1080,1920,SSD,256,0
HP,15.6,1.6,8,Windows,2.1,2834.3680000000004,Intel,1080,1920,Hybrid,1,0
Dell,17.3,2.8,16,Windows,4.42,8768.558,Intel,1080,1920,Hybrid,256,1
Acer,15.6,2.7,8,Windows,2.2,2970.043,Intel,1080,1920,SSD,256,0
Dell,15.6,2.7,16,Windows,2.3,3066.456,Intel,1080,1920,Hybrid,1,0
Asus,15.6,2.5,8,Windows,2,2745.1240000000003,Intel,1080,1920,SSD,256,0
Asus,17.3,2.5,8,Windows,2.69,3180.6240000000003,Intel,1080,1920,Hybrid,256,512000
HP,15.6,2.7,8,Windows,1.9,4530.004,Intel,1080,1920,Hybrid,1,0
Asus,15.6,2.4,4,Windows,2.37,1424.286,Intel,768,1366,Hybrid,1,0
HP,15.6,1.5,4,Windows,2.1,1177.9940000000001,AMD,768,1366,Hybrid,500,0
Lenovo,15.6,2.8,16,Windows,3.2,5351.089,Intel,1080,1920,Hybrid,256,1
Dell,14.0,2.5,8,Windows,1.6,3066.456,Intel,1080,1920,SSD,256,0
Acer,13.3,2.3,8,Windows,1.6,2459.57,Intel,1080,1920,SSD,256,0
Dell,15.6,2.7,16,Linux,2.36,3209.233,Intel,1080,1920,SSD,256,0
Acer,15.6,2.0,4,Linux,2.1,1392.193,Intel,768,1366,Hybrid,1,0
Asus,15.6,2.5,4,Windows,2.2,2052.612,AMD,1080,1920,Hybrid,128,1
Asus,17.3,2.9,32,Windows,4.7,13886.353000000001,Intel,1080,1920,Hybrid,512,1
Acer,15.6,2.5,8,Windows,2.5,3020.025,Intel,1080,1920,SSD,256,0
Lenovo,15.6,2.0,8,Windows,7.2,2102.594,Intel,768,1366,SSD,128,0
Asus,17.3,1.8,8,Windows,2.1,4087.402,Intel,1080,1920,Hybrid,128,1
Dell,15.6,2.5,8,Windows,2.56,3137.811,Intel,1080,1920,SSD,256,0
Lenovo,13.9,2.7,8,Windows,1.38,3851.7630000000004,Intel,1080,1920,SSD,256,0
Dell,15.6,1.8,8,Windows,2.2,3516.2270000000003,Intel,1080,1920,Hybrid,128,2
HP,15.6,2.5,8,Windows,2.04,1995.528,Intel,768,1366,Hybrid,1,0
Asus,17.3,2.9,16,Windows,3.6,10705.729000000001,Intel,1080,1920,SSD,256,0
HP,13.3,1.6,4,Windows,1.49,2409.588,Intel,1080,1920,Hybrid,500,0
Apple,13.3,3.1,8,macos,1.37,7282.2970000000005,Intel,1600,2560,SSD,512,0
Dell,15.6,1.8,8,Windows,2.08,2923.612,Intel,1080,1920,Hybrid,1,0
Asus,17.3,2.8,16,Windows,4.3,6422.017000000001,Intel,1080,1920,Hybrid,256,1
Asus,15.6,3.0,4,Windows,1.68,1674.1960000000001,AMD,768,1366,Hybrid,1,0
Lenovo,13.9,1.8,8,Windows,1.37,6600.505,Intel,1080,1920,SSD,512,0
Acer,17.3,2.7,4,Windows,3,2506.001,Intel,1080,1920,SSD,256,0
Dell,13.3,1.6,8,Windows,1.41,3387.721,Intel,1080,1920,SSD,256,0
HP,15.6,2.5,8,Windows,1.91,1591.786,AMD,768,1366,SSD,128,0
HP,17.3,1.8,16,Windows,2.9,3780.4080000000004,Intel,1080,1920,Hybrid,1,0
Lenovo,15.6,2.8,8,Windows,2,6065.041,Intel,1080,1920,SSD,512,0
Dell,17.3,1.8,8,Windows,2.8,4076.6820000000002,Intel,1080,1920,Hybrid,128,1
HP,15.6,1.6,4,Windows,2.1,2577.356,Intel,1080,1920,Hybrid,500,0
Dell,15.6,2.5,4,Windows,2.18,2345.335,Intel,1080,1920,Hybrid,1,0
Dell,15.6,2.5,8,Windows,2.24,2016.901,Intel,1080,1920,Hybrid,1,0
Dell,15.6,1.6,8,Windows,2.67,2852.257,Intel,1080,1920,SSD,256,0
Asus,13.3,1.8,8,Windows,4.1,5351.089,Intel,1080,1920,SSD,512,524288
HP,17.3,1.8,8,Windows,2.5,3634.0130000000004,Intel,1080,1920,Hybrid,1,0
Lenovo,15.6,1.8,8,Windows,2.05,3141.362,Intel,1080,1920,SSD,256,0
Apple,13.3,2.9,8,macos,1.37,6992.79,Intel,1600,2560,SSD,512,0
Asus,17.3,3.0,16,Windows,3.2,5529.577,AMD,1080,1920,Hybrid,256,1
Dell,15.6,1.8,8,Linux,2.14,2624.0550000000003,Intel,1080,1920,SSD,256,0
Lenovo,14.0,2.6,16,Windows,1.36,8920.849,Intel,1440,2560,SSD,512,0
Dell,15.6,2.7,12,Windows,2.3,2545.464,Intel,768,1366,Hybrid,1,0
Dell,17.3,1.8,8,Linux,2.8,3923.1850000000004,Intel,1080,1920,Hybrid,128,1
Acer,15.6,1.8,8,Windows,2.2,2659.498,Intel,1080,1920,Hybrid,1,0
Lenovo,17.3,2.0,4,Windows,2.8,1745.6180000000002,Intel,900,1600,Hybrid,1,0
Lenovo,17.3,2.7,6,Windows,2.8,3066.456,Intel,900,1600,Hybrid,128,1
Dell,15.6,2.0,4,Linux,2.25,1527.8680000000002,Intel,1080,1920,Hybrid,1,0
Lenovo,15.6,2.5,8,Windows,2.5,2959.3230000000003,Intel,1080,1920,SSD,256,0
Lenovo,15.6,2.5,6,Windows,2.2,2066.8830000000003,Intel,1080,1920,SSD,256,0
Acer,15.6,1.8,8,Windows,3,3394.8230000000003,Intel,1080,1920,SSD,256,0
Acer,15.6,2.7,12,Windows,2.15,2352.5040000000004,Intel,1080,1920,Hybrid,1,0
Lenovo,15.6,2.7,8,Windows,1.95,3916.016,Intel,1080,1920,SSD,256,0
Asus,15.6,2.5,8,Windows,1.7,3487.6850000000004,Intel,1080,1920,SSD,256,0
Lenovo,15.6,2.8,16,Windows,2.5,4208.7390000000005,Intel,1080,1920,Hybrid,256,1
Acer,15.6,1.5,2,other,2.19,710.4010000000001,Intel,768,1366,SSD,16,0
Asus,17.3,2.8,8,Windows,3,4237.281,Intel,1080,1920,Hybrid,1,0
HP,17.3,2.0,8,Windows,2.54,1745.6180000000002,Intel,900,1600,Hybrid,1,0
Dell,15.6,2.8,8,Windows,2,6529.0830000000005,Intel,1080,1920,SSD,256,0
Lenovo,15.6,1.6,8,Windows,2.05,2638.058,Intel,1080,1920,SSD,256,0
Lenovo,15.6,2.8,8,Windows,3.2,4637.137000000001,Intel,1080,1920,Hybrid,1,0
Acer,15.6,2.8,8,Linux,2.5,3494.7870000000003,Intel,1080,1920,SSD,256,0
Dell,17.3,2.9,16,Windows,3.42,10298.235,Intel,1080,1920,SSD,256,0
Lenovo,15.6,2.4,6,Windows,2.4,1781.3290000000002,AMD,1080,1920,Hybrid,1,0
Asus,15.6,2.7,16,Windows,1.63,5240.405000000001,Intel,1080,1920,SSD,512,0
Asus,14.0,2.4,4,Windows,1.3,1817.0400000000002,Intel,768,1366,SSD,128,0
Asus,17.3,2.8,16,Windows,2.9,7575.02,Intel,1080,1920,Hybrid,256,1
Lenovo,17.3,2.5,6,Windows,5.8,2316.793,Intel,900,1600,Hybrid,1,0
Asus,15.6,2.8,8,Windows,2.5,4515.733,Intel,1080,1920,Hybrid,128,1
HP,13.3,2.8,16,Windows,1.28,7050.276000000001,Intel,1080,1920,SSD,256,0
Lenovo,15.6,2.5,8,Windows,2.3,2923.612,Intel,1080,1920,Hybrid,128,1
HP,15.6,2.0,4,Windows,1.86,1674.1960000000001,Intel,1080,1920,Hybrid,1,0
Lenovo,13.3,2.5,8,Windows,1.1,3566.2090000000003,Intel,1080,1920,SSD,256,0
Dell,13.3,1.8,16,Windows,1.21,8920.849,Intel,2160,3840,SSD,1,0
Acer,15.6,2.2,8,Windows,2.23,1674.1960000000001,AMD,1080,1920,SSD,256,0
Asus,11.6,1.1,2,Windows,1.1,981.6840000000001,Intel,768,1366,SSD,32,0
Dell,15.6,1.6,8,Windows,2.33,3012.856,Intel,1080,1920,Hybrid,128,1
HP,13.3,1.8,16,Windows,1.29,8742.361,Intel,2160,3840,SSD,1,0
Lenovo,13.3,1.6,4,other,1.45,1641.701,Intel,768,1366,SSD,16,0
HP,14.0,2.5,8,Windows,1.95,3498.338,Intel,1080,1920,SSD,256,0
Acer,11.6,1.6,4,Windows,1.4,1731.3470000000002,Intel,768,1366,SSD,128,0
HP,14.0,2.7,8,Windows,1.48,4612.146000000001,Intel,1080,1920,SSD,256,0
Lenovo,17.3,2.5,4,Windows,2.79,2102.594,Intel,900,1600,Hybrid,1,0
Asus,14.0,2.7,8,Windows,2,3905.2960000000003,Intel,1080,1920,SSD,256,0
HP,15.6,1.8,8,Windows,2.1,3219.953,Intel,768,1366,Hybrid,1,0
Acer,15.6,2.7,8,Windows,2.2,2352.5040000000004,AMD,768,1366,SSD,256,0
Lenovo,14.0,1.1,4,Windows,1.44,1042.386,Intel,768,1366,SSD,32,0
Acer,15.6,2.5,6,Windows,8.23,1959.817,Intel,768,1366,Hybrid,1,0
Asus,15.6,2.7,8,Windows,1.7,3747.913,Intel,1080,1920,SSD,256,0
HP,12.5,2.7,8,Windows,1.26,4765.643,Intel,1080,1920,SSD,256,0
Dell,15.6,2.8,32,Windows,2.06,9420.602,Intel,2160,3840,SSD,1,0
Asus,14.0,2.7,8,Windows,2,4762.092000000001,Intel,1080,1920,Hybrid,256,1
Lenovo,15.6,2.0,4,Windows,1.85,1602.8410000000001,Intel,1080,1920,Hybrid,1,0
Asus,15.6,2.8,8,Windows,2.5,3566.2090000000003,Intel,1080,1920,SSD,256,0
HP,14.0,2.6,8,Windows,1.48,4526.453,Intel,1080,1920,SSD,256,0
HP,15.6,2.5,8,Windows,1.84,4083.784,Intel,1080,1920,SSD,256,0
Asus,15.6,1.1,4,Linux,2,981.6170000000001,Intel,768,1366,Hybrid,1,0
Dell,15.6,1.6,8,Windows,2,4079.362,Intel,1080,1920,SSD,256,0
Dell,15.6,1.6,4,Linux,2.2,981.349,Intel,768,1366,Hybrid,500,0
Lenovo,15.6,3.6,12,Windows,2.2,3209.233,AMD,1080,1920,Hybrid,2,0
HP,15.6,2.4,8,Windows,2.1,2555.916,Intel,1080,1920,Hybrid,1,0
Lenovo,13.9,1.8,16,Windows,1.4,7492.945000000001,Intel,2160,3840,SSD,512,0
Dell,13.3,1.8,8,Windows,1.2,5636.643,Intel,1080,1920,SSD,256,0
Lenovo,15.6,2.8,16,Windows,2.4,4030.251,Intel,1080,1920,Hybrid,256,2
HP,14.0,1.6,2,Windows,1.44,995.955,Intel,768,1366,SSD,32,0
Dell,15.6,1.9,16,Windows,1.88,5740.024,Intel,1080,1920,SSD,512,262144
Asus,11.6,1.1,4,Windows,1.5,1338.66,Intel,768,1366,SSD,32,0
Dell,15.6,1.6,8,Windows,0.0002,2366.775,Intel,1080,1920,Hybrid,1,0
HP,15.6,2.7,8,Windows,1.84,4654.959,Intel,1080,1920,SSD,256,0
HP,15.6,2.8,8,Windows,2.6,6205.205,Intel,1080,1920,SSD,256,0
Dell,15.6,1.8,8,Windows,2.02,3465.9100000000003,Intel,1080,1920,Hybrid,128,2
Dell,15.6,2.5,8,Windows,2.65,3566.2090000000003,Intel,1080,1920,Hybrid,1,0
Dell,15.6,2.5,8,Windows,2.36,1989.699,Intel,768,1366,Hybrid,2,0
Dell,14.0,2.6,8,Windows,1.36,5094.077,Intel,1080,1920,SSD,256,0
HP,15.6,2.0,4,Windows,1.86,1567.13,Intel,768,1366,Hybrid,500,0
Asus,14.0,2.5,8,Windows,2,3373.4500000000003,Intel,1080,1920,SSD,256,0
Lenovo,17.3,2.5,6,Windows,2.8,2566.636,Intel,900,1600,Hybrid,128,1
HP,15.6,2.5,8,Windows,1.86,2281.0820000000003,Intel,1080,1920,Hybrid,1,0
HP,15.6,1.6,8,Windows,2.04,1388.642,Intel,768,1366,Hybrid,2,0
Dell,17.3,1.6,8,Windows,2.8,3873.2030000000004,Intel,1080,1920,Hybrid,128,1
Dell,15.6,2.7,8,Windows,2.33,3209.233,Intel,1080,1920,SSD,256,0
HP,14.0,2.7,8,Windows,1.36,6247.08,Intel,1080,1920,SSD,256,0
Asus,15.6,2.7,12,Windows,2.26,3923.1850000000004,Intel,1080,1920,Hybrid,512,2
Acer,15.6,3.0,4,Windows,2.1,1520.699,AMD,768,1366,SSD,128,0
Asus,17.3,3.0,16,Windows,3.25,7849.921,AMD,1080,1920,Hybrid,256,1
Lenovo,17.3,2.2,4,Windows,2.6,1745.6180000000002,AMD,900,1600,SSD,128,0
Dell,13.3,1.8,8,Windows,1.62,3102.1670000000004,Intel,1080,1920,SSD,256,0
HP,15.6,3.0,4,Windows,1.91,1745.5510000000002,AMD,1080,1920,SSD,256,0
Lenovo,11.6,1.1,4,Windows,1.59,1974.0880000000002,Intel,768,1366,SSD,128,0
Dell,15.6,1.6,4,Windows,1.8,1103.088,Intel,768,1366,Hybrid,500,0
Asus,14.0,1.1,4,Windows,1.5,1020.946,Intel,768,1366,SSD,32,0
Acer,15.6,2.8,8,Linux,2.4,3020.025,Intel,1080,1920,Hybrid,1,0
HP,17.3,2.8,8,Windows,3.35,4251.552000000001,Intel,1080,1920,Hybrid,128,1
Asus,15.6,2.8,8,Windows,2.3,5907.926,Intel,1080,1920,Hybrid,128,1
Lenovo,14.0,2.5,8,Windows,1.5,3923.1850000000004,Intel,1080,1920,SSD,256,0
Asus,13.3,2.7,16,Windows,1.1,6243.127,Intel,1080,1920,SSD,512,0
Lenovo,14.0,2.7,8,Windows,1.13,8146.195000000001,Intel,1440,2560,SSD,512,0
Lenovo,13.3,2.4,4,Windows,1.5,1959.817,Intel,1080,1920,SSD,128,0
Dell,15.6,2.6,8,Windows,2.23,4886.9800000000005,Intel,1080,1920,Hybrid,500,0
Dell,15.6,2.7,8,Windows,2,7621.451,Intel,1080,1920,SSD,256,0
Lenovo,14.0,2.7,16,Windows,1.42,8956.560000000001,Intel,1440,2560,SSD,512,0
Asus,17.3,2.8,8,Windows,3,3708.9860000000003,Intel,1080,1920,Hybrid,1,0
Asus,17.3,2.8,16,Windows,3,5679.456,Intel,1080,1920,Hybrid,256,1
Acer,15.6,1.6,12,Windows,2.2,2477.3920000000003,Intel,768,1366,Hybrid,1,0
Dell,15.6,2.7,8,Linux,2.33,2780.366,Intel,1080,1920,SSD,256,0
HP,15.6,3.0,4,Windows,1.91,1781.3290000000002,AMD,1080,1920,SSD,256,0
Lenovo,15.6,1.8,8,Windows,2.1,4389.237,Intel,1080,1920,SSD,256,0
Lenovo,14.0,2.5,8,Windows,1.9,3348.4590000000003,Intel,1080,1920,SSD,256,0
Dell,15.6,2.8,8,Windows,1.78,9681.165,Intel,2160,3840,SSD,256,0
Lenovo,14.0,2.7,16,Windows,1.13,9370.62,Intel,1440,2560,SSD,1,0
Lenovo,15.6,1.1,4,Windows,2.2,1092.3680000000002,Intel,768,1366,Hybrid,1,0
Asus,17.3,2.8,16,Windows,2.9,5458.155000000001,Intel,1080,1920,Hybrid,256,1
Lenovo,25.6,1.6,8,Windows,2.1,4085.5930000000003,Intel,1080,1920,Hybrid,256,1
Acer,15.6,2.8,8,Linux,2.5,3137.811,Intel,1080,1920,SSD,256,0
Asus,14.0,2.7,8,Windows,1.10,6686.131,Intel,1080,1920,SSD,512,0
Dell,14.0,2.8,8,Windows,1.36,5997.17,Intel,1080,1920,SSD,512,0
Lenovo,35.6,2.0,4,Windows,2.2,1460.064,Intel,1080,1920,Hybrid,500,0
Lenovo,11.6,1.1,2,Windows,1.15,1086.807,Intel,768,1366,SSD,32,0
Lenovo,15.6,2.8,8,Windows,2.67,6871.7880000000005,Intel,1080,1920,SSD,512,0
Lenovo,14.0,2.8,8,Windows,1.7,6936.041,Intel,1440,2560,SSD,512,0
HP,15.6,2.0,4,Windows,2.1,1674.1960000000001,Intel,1080,1920,Hybrid,1,0
Acer,13.3,2.5,8,Windows,1.6,2816.5460000000003,Intel,1080,1920,SSD,256,0
Asus,13.3,2.5,8,Windows,1.27,3312.748,Intel,1080,1920,SSD,256,0
Dell,15.6,2.5,4,Linux,2.3,2137.9030000000002,Intel,1080,1920,SSD,256,0
Dell,13.3,2.0,4,Windows,1.65,2459.57,Intel,768,1366,SSD,128,0
HP,14.0,2.5,8,Windows,1.43,5354.64,Intel,1080,1920,SSD,256,0
Dell,15.6,2.5,8,Windows,2.14,1927.5230000000001,Intel,768,1366,Hybrid,1,0
Lenovo,14.0,1.8,8,Windows,1.75,4338.585,Intel,1080,1920,SSD,256,0
Lenovo,15.6,2.8,16,Windows,2,6778.993,Intel,2160,3840,SSD,512,0
HP,15.6,2.9,8,Windows,2.31,5094.077,Intel,1080,1920,SSD,256,0
Asus,35.6,2.4,8,Linux,2.3,2131.136,Intel,1080,1920,Hybrid,1,0
Dell,27.3,2.9,16,Windows,4.42,9991.777,Intel,1440,2560,Hybrid,256,1
Dell,15.6,2.8,8,Windows,2.62,4137.384,Intel,1080,1920,Hybrid,128,1
Dell,15.6,1.8,8,Windows,2.02,4078.0890000000004,Intel,1080,1920,Hybrid,256,2
Dell,14.0,2.8,8,Linux,1.6,3923.1850000000004,Intel,1080,1920,SSD,256,0
HP,17.3,2.8,12,Windows,3.35,7135.969,Intel,1080,1920,Hybrid,256,1
Samsung,11.6,1.6,4,other,1.15,960.244,Intel,768,1366,SSD,16,0
Lenovo,13.3,2.7,8,Windows,1.4,3605.471,Intel,1080,1920,SSD,256,0
Lenovo,14.0,2.7,4,Windows,1.7,2138.3050000000003,Intel,1080,1920,SSD,128,0
Lenovo,15.6,2.8,16,Windows,2.3,8728.09,Intel,2160,3840,SSD,512,0
Lenovo,15.6,2.9,16,Windows,2.5,8742.361,Intel,1080,1920,SSD,512,0
Asus,17.3,3.2,8,Windows,3.2,6050.77,AMD,1080,1920,Hybrid,256,1
HP,15.6,1.6,4,Windows,2.1,1238.6960000000001,Intel,768,1366,Hybrid,500,0
Lenovo,24.0,2.7,24,Windows,1.32,8503.171,Intel,1440,2560,SSD,512,0
Asus,15.6,2.5,4,Linux,2,1995.528,Intel,1080,1920,SSD,256,0
Lenovo,17.3,2.5,8,Windows,2.8,1852.6840000000002,AMD,900,1600,Hybrid,1,0
Dell,15.6,1.6,4,Windows,2.2,2673.7690000000002,Intel,1080,1920,SSD,256,0
Lenovo,12.5,2.5,8,Windows,1.36,5101.179,Intel,1080,1920,SSD,256,0
Lenovo,15.6,1.1,4,Windows,2.2,1245.865,Intel,1080,1920,SSD,128,0
HP,15.6,2.8,8,Windows,2.2,3923.1850000000004,Intel,1080,1920,Hybrid,128,1
Dell,14.0,2.8,8,Windows,1.64,4208.7390000000005,Intel,1080,1920,SSD,256,0
Acer,15.6,2.5,4,Linux,2.4,1577.113,Intel,768,1366,Hybrid,500,0
Dell,15.6,3.0,8,Windows,2.23,7114.529,Intel,1080,1920,SSD,64,1
Microsoft,13.5,2.5,16,Windows,1.25,9242.114000000001,Intel,1504,2256,SSD,512,0
HP,15.6,2.5,8,Windows,1.91,2102.594,Intel,768,1366,SSD,128,0
Dell,15.6,2.7,16,Windows,2.17,7050.276000000001,Intel,1080,1920,SSD,256,0
HP,15.6,2.9,8,Windows,2.31,5476.044000000001,Intel,1080,1920,SSD,512,0
Lenovo,14.0,2.5,8,Windows,1.65,4801.354,Intel,1080,1920,SSD,256,0
Dell,15.6,1.8,8,Windows,2.36,3494.7870000000003,Intel,1080,1920,Hybrid,128,1
Dell,11.6,1.6,4,Windows,1.47,1709.9070000000002,Intel,768,1366,Hybrid,500,0
Dell,17.3,2.7,8,Windows,4.42,7303.737,Intel,1080,1920,Hybrid,1,0
Microsoft,13.5,2.2,4,Windows,1.252,3530.498,Intel,1504,2256,SSD,128,0
Microsoft,33.5,2.5,8,Windows,1.25,6422.017000000001,Intel,1504,2256,SSD,256,0
HP,17.3,2.0,8,Windows,2.5,2284.2980000000002,Intel,900,1600,SSD,256,0
Acer,15.6,2.0,4,Windows,2.23,1941.928,Intel,1080,1920,Hybrid,1,0
Acer,11.6,1.6,4,Windows,1.4,1552.8590000000002,Intel,768,1366,SSD,128,0
Asus,15.6,2.5,8,Windows,2.37,2673.7690000000002,Intel,1080,1920,Hybrid,1,0
Lenovo,15.6,2.9,8,Windows,2.67,7460.785000000001,Intel,1080,1920,SSD,256,0
Asus,15.6,1.1,4,Windows,2,1085.199,Intel,768,1366,Hybrid,500,0
Acer,15.6,2.0,4,Windows,2.2,1674.1960000000001,Intel,768,1366,Hybrid,500,0
Dell,15.6,1.6,8,Windows,2.02,2709.48,Intel,1080,1920,Hybrid,2,0
HP,17.3,2.8,12,Windows,3.78,6065.041,Intel,1080,1920,Hybrid,1,0
Lenovo,14.0,2.6,12,Windows,1.4,6632.598,Intel,1440,2560,SSD,256,0
HP,13.3,1.8,8,Windows,1.29,7135.969,Intel,2160,3840,SSD,512,0
HP,15.6,2.5,8,Windows,1.9,4119.495,Intel,1080,1920,Hybrid,500,0
Dell,13.3,1.6,8,Windows,1.42,6574.978,Intel,1080,1920,SSD,256,0
Asus,15.6,2.6,12,Windows,2.06,4637.137000000001,Intel,2160,3840,Hybrid,128,1
Dell,14.0,2.3,8,Windows,1.79,2641.6090000000004,Intel,768,1366,SSD,128,0
Lenovo,14.0,2.5,8,Windows,1.7,4869.158,Intel,1080,1920,SSD,180,0
Dell,15.6,1.8,8,Windows,2.16,4505.013,Intel,1080,1920,SSD,512,0
Dell,15.6,2.4,4,Windows,2.18,2094.018,Intel,768,1366,Hybrid,1,0
HP,13.3,1.6,4,Windows,1.49,2591.627,Intel,1080,1920,SSD,128,0
Lenovo,15.6,2.0,4,Windows,2.3,2016.901,Intel,768,1366,SSD,128,0
Lenovo,14.0,1.6,8,Windows,1.75,3744.697,Intel,1080,1920,SSD,256,0
Dell,15.6,2.7,16,Windows,2.17,8346.123,Intel,1080,1920,SSD,512,0
Dell,15.6,2.8,16,Windows,2.06,6778.993,Intel,1080,1920,SSD,512,0
Lenovo,12.5,2.7,16,Windows,1.36,6418.399,Intel,1080,1920,SSD,512,0
Asus,12.5,2.7,16,Windows,0.91,6961.032,Intel,1080,1920,SSD,512,0
Lenovo,15.6,2.5,8,Windows,2.3,3612.5730000000003,Intel,1080,1920,SSD,256,0
Asus,15.6,2.8,8,Windows,1.99,4819.176,Intel,1080,1920,Hybrid,128,1
Acer,15.6,2.5,8,Windows,2.2,2066.8830000000003,AMD,768,1366,Hybrid,1,0
Asus,17.3,2.6,24,Windows,4.33,4530.004,Intel,1080,1920,Hybrid,256,1
Lenovo,12.5,2.3,8,Windows,1.3,3923.1850000000004,Intel,768,1366,SSD,180,0
Lenovo,15.6,1.8,8,Windows,2.17,3208.831,Intel,1080,1920,SSD,256,0
HP,14.0,2.8,8,Windows,1.48,6243.529,Intel,1080,1920,SSD,1,0
Lenovo,13.3,2.4,8,Windows,1.4,3387.721,Intel,1080,1920,SSD,256,0
Lenovo,15.6,2.5,8,Windows,2.3,3252.0460000000003,Intel,1080,1920,SSD,256,0
Asus,11.6,1.1,4,Windows,1.2,1213.7050000000002,Intel,768,1366,SSD,64,0
HP,15.6,2.5,8,Windows,1.91,2209.6600000000003,Intel,768,1366,SSD,256,0
Lenovo,13.9,1.6,8,Windows,1.4,5708.0650000000005,Intel,1080,1920,SSD,256,0
Lenovo,14.0,1.1,4,Windows,2.1,1067.377,Intel,768,1366,Hybrid,500,0
Lenovo,11.6,1.6,4,other,1.25,945.9730000000001,Intel,768,1366,SSD,16,0
Lenovo,13.3,2.5,8,Windows,1.44,3387.721,Intel,1080,1920,SSD,256,0
Asus,15.6,2.7,8,Windows,2,4369.405000000001,Intel,1080,1920,Hybrid,256,1
Acer,15.6,1.6,4,Windows,2.2,2188.2870000000003,Intel,1080,1920,Hybrid,1,0
HP,13.3,2.7,8,Windows,1.34,4722.763,Intel,1080,1920,SSD,512,0
Dell,13.3,2.5,8,Windows,1.29,3209.233,Intel,1080,1920,SSD,128,0
Acer,15.6,2.7,4,Windows,2.2,2281.0820000000003,Intel,1080,1920,Hybrid,500,0
Dell,15.6,2.5,8,Windows,2.18,2984.3140000000003,Intel,1080,1920,Hybrid,1,0
Dell,15.6,1.8,16,Windows,2.2,4352.387000000001,Intel,1080,1920,Hybrid,256,2
Asus,11.6,1.1,2,Windows,1.1,874.618,Intel,768,1366,SSD,32,0
HP,15.6,1.6,4,Windows,2.04,1861.528,Intel,768,1366,Hybrid,1,0
Asus,15.6,2.8,24,Windows,2.24,10595.045,Intel,1080,1920,SSD,512,0
HP,15.6,2.5,8,Windows,2.04,3173.5220000000004,Intel,1080,1920,SSD,256,0
Asus,17.3,2.8,16,Windows,3,5368.911,Intel,1080,1920,Hybrid,256,1
Lenovo,15.6,2.8,8,Windows,3.2,4994.113,Intel,1080,1920,Hybrid,256,1
HP,13.3,2.7,8,Windows,1.32,4994.113,Intel,1080,1920,SSD,256,0
Dell,14.0,2.6,8,Windows,1.64,4568.328,Intel,1080,1920,SSD,256,0
HP,15.6,2.0,4,Windows,1.63,2459.57,Intel,768,1366,SSD,128,0
Dell,17.3,1.6,8,Linux,2.8,3173.5220000000004,Intel,1080,1920,Hybrid,128,1
Lenovo,24.0,2.3,8,Windows,2.02,4783.465,Intel,1080,1920,SSD,256,0
Lenovo,15.6,2.7,4,Windows,2.2,2852.257,Intel,1080,1920,Hybrid,1,0
Dell,15.6,2.5,4,Windows,2.3,2088.3230000000003,Intel,1080,1920,Hybrid,500,0
Dell,15.6,2.8,8,Windows,1.9,4915.589,Intel,1080,1920,SSD,256,0
Dell,17.3,2.8,16,Windows,4.42,10754.84,Intel,1080,1920,Hybrid,128,1
Asus,15.6,2.7,8,Windows,2,4637.137000000001,Intel,2160,3840,Hybrid,256,1
Asus,15.6,2.5,8,Windows,2.3,5886.553000000001,Intel,1080,1920,Hybrid,128,1
Dell,15.6,2.8,8,Windows,1.93,4886.9800000000005,Intel,1080,1920,SSD,256,0
Dell,15.6,1.6,8,Windows,2.2,2846.5620000000004,Intel,1080,1920,SSD,256,0
HP,15.6,1.6,4,Windows,1.86,1424.286,Intel,1080,1920,SSD,256,0
HP,17.3,2.8,12,Windows,2.62,6422.017000000001,Intel,1080,1920,Hybrid,1,0
Lenovo,14.0,2.7,8,Windows,1.87,3066.456,Intel,1080,1920,SSD,256,0
Dell,13.3,1.8,8,Windows,1.2,4994.113,Intel,1800,3200,SSD,256,0
Dell,14.0,2.0,4,Windows,1.6,2626.869,Intel,1080,1920,SSD,128,0
HP,13.3,2.7,8,Windows,1.34,4087.402,Intel,1800,3200,SSD,256,0
Acer,15.6,2.5,8,Linux,2.4,2848.639,Intel,1080,1920,Hybrid,1,0
Asus,15.6,1.8,4,Windows,2,1245.865,AMD,768,1366,Hybrid,500,0
HP,15.6,2.4,4,Windows,2.1,2518.463,Intel,1080,1920,SSD,128,0
Lenovo,14.0,2.5,4,Windows,1.87,2802.275,Intel,1080,1920,Hybrid,500,0
HP,15.6,2.0,4,Windows,1.86,1417.1840000000002,Intel,1080,1920,Hybrid,500,0
Lenovo,15.6,2.7,8,Windows,1.99,6172.107,Intel,1080,1920,SSD,512,0
Lenovo,15.6,2.0,4,Windows,2.2,1781.3290000000002,Intel,1080,1920,SSD,128,0
Dell,15.6,2.5,8,Windows,1.9,3987.371,Intel,1080,1920,SSD,256,0
Dell,17.3,2.8,16,Windows,4.42,9634.801000000001,Intel,1080,1920,Hybrid,256,1
HP,17.3,2.0,8,Windows,2.65,1942.4640000000002,Intel,900,1600,Hybrid,1,0
HP,17.3,2.7,8,Windows,2.63,4569.2660000000005,Intel,1080,1920,Hybrid,1,0
Asus,15.6,1.1,4,Linux,2,799.6450000000001,Intel,768,1366,Hybrid,500,0
Lenovo,17.3,2.7,6,Windows,2.8,3387.721,Intel,900,1600,Hybrid,128,1
HP,15.6,2.5,6,Windows,1.91,2030.8370000000002,AMD,1080,1920,SSD,128,0
Dell,15.6,2.0,4,Windows,2.18,2205.7740000000003,Intel,768,1366,Hybrid,1,0
Acer,11.6,2.0,4,Windows,1.25,1245.865,Intel,1080,1920,SSD,32,0
Lenovo,15.6,2.7,4,Windows,2.05,2248.922,Intel,1080,1920,SSD,128,0
HP,13.3,1.2,16,Windows,1.16,7014.5650000000005,Intel,1800,3200,SSD,512,0
Lenovo,17.3,2.8,8,Windows,3.4,10705.729000000001,Intel,1080,1920,SSD,256,0
Asus,15.6,2.5,8,Windows,2.5,2995.034,Intel,1080,1920,Hybrid,128,1
Dell,13.3,1.6,8,Windows,1.21,5708.0650000000005,Intel,2160,3840,SSD,128,0
Dell,15.6,2.6,4,Windows,1.93,3423.4320000000002,Intel,768,1366,Hybrid,500,0
Lenovo,15.6,1.1,4,Windows,2.2,1227.976,Intel,1080,1920,Hybrid,500,0
Lenovo,14.0,2.5,4,Windows,2.02,3534.0490000000004,Intel,768,1366,Hybrid,500,0
HP,17.3,2.8,8,Windows,3.14,6643.318,Intel,900,1600,Hybrid,500,0
HP,14.0,1.6,8,Windows,1.94,1388.642,Intel,768,1366,Hybrid,2,0
HP,15.6,3.0,6,Windows,1.95,2316.793,AMD,1080,1920,SSD,256,0
Lenovo,15.6,2.5,8,Windows,2.3,2962.8740000000003,Intel,1080,1920,SSD,256,0
Lenovo,15.6,1.6,4,Windows,2.05,2445.299,Intel,1080,1920,Hybrid,500,0
Lenovo,17.3,2.7,32,Windows,4.6,9506.295,Intel,1080,1920,Hybrid,256,1
Dell,15.6,2.7,8,Linux,2.2,2673.7690000000002,Intel,1080,1920,SSD,256,0
Dell,15.6,2.6,8,Windows,1.9,3600.1780000000003,Intel,768,1366,Hybrid,500,0
HP,13.3,2.4,4,Windows,1.49,2566.636,Intel,1080,1920,SSD,128,0
Dell,15.6,2.8,16,Windows,1.93,5488.104,Intel,1080,1920,SSD,256,0
Dell,11.6,1.6,4,other,1.26,1053.106,Intel,768,1366,SSD,16,0
HP,17.3,2.8,16,Windows,3.78,5347.4710000000005,Intel,1080,1920,Hybrid,256,1
Lenovo,14.0,2.6,12,Windows,8.4,5972.179,Intel,1080,1920,SSD,256,0
Lenovo,15.6,1.8,12,Windows,2.2,2174.016,Intel,768,1366,Hybrid,1,0
Asus,17.3,2.5,8,Windows,2.73,6318.502,Intel,1080,1920,Hybrid,128,1
Asus,15.6,2.5,8,Windows,2.2,2638.058,Intel,768,1366,Hybrid,1,0
Lenovo,15.6,3.6,12,Windows,2.2,3387.721,AMD,1080,1920,SSD,512,0
Dell,31.6,1.0,4,Windows,1.39,2152.576,Intel,768,1366,SSD,128,0
Samsung,15.6,2.8,16,Windows,2.5,6065.041,Intel,1080,1920,Hybrid,128,1
Lenovo,15.6,2.3,8,Windows,2.29,1638.5520000000001,Intel,768,1366,Hybrid,1,0
Lenovo,13.3,2.7,8,Windows,1.37,7228.764,Intel,1080,1920,SSD,512,0
Lenovo,14.0,2.5,8,Windows,1.7,5261.845,Intel,1080,1920,SSD,256,0
Dell,12.5,2.5,8,Windows,1.34,5961.526000000001,Intel,1080,1920,SSD,256,0
Dell,15.6,2.8,8,Windows,2.06,6293.511,Intel,1080,1920,SSD,256,0
HP,15.6,2.7,8,Windows,1.84,4351.5160000000005,Intel,1080,1920,SSD,256,0
HP,15.6,2.4,4,Windows,2.1,2386.339,Intel,768,1366,Hybrid,500,0
Acer,14.0,1.1,4,Windows,1.6,1174.443,Intel,1080,1920,SSD,32,0
Dell,15.6,2.0,4,Linux,2.18,1659.9250000000002,Intel,768,1366,Hybrid,1,0
Lenovo,15.6,2.5,6,Windows,2.4,2013.3500000000001,Intel,1080,1920,Hybrid,1,0
Lenovo,15.6,2.8,8,Windows,2,4637.137000000001,Intel,1080,1920,SSD,256,0
Acer,14.0,1.6,4,Windows,1.6,1245.865,Intel,768,1366,SSD,128,0
Lenovo,15.6,3.1,32,Windows,2.5,17488.273,Intel,2160,3840,SSD,1,0
Dell,15.6,2.6,16,Windows,2.59,3137.878,Intel,1080,1920,Hybrid,1,0
Dell,15.6,2.0,4,Linux,2.18,1584.6170000000002,Intel,768,1366,Hybrid,1,0
Dell,15.6,2.0,4,Linux,2.25,1281.576,Intel,768,1366,Hybrid,1,0
Dell,15.6,2.6,4,Linux,1.93,3102.1000000000004,Intel,768,1366,Hybrid,500,0
Asus,17.3,2.8,8,Windows,3,4169.477,Intel,1080,1920,Hybrid,128,1
HP,15.6,2.7,8,Windows,1.84,4958.402,Intel,1080,1920,SSD,512,0
Acer,11.6,1.6,4,other,1.25,1352.931,Intel,768,1366,SSD,32,0
HP,14.0,2.6,8,Windows,2.31,4012.429,Intel,768,1366,SSD,256,0
Lenovo,14.0,2.3,8,Windows,1.65,5229.685,Intel,1080,1920,SSD,256,0
Dell,15.6,1.6,4,Windows,2.2,2770.1150000000002,Intel,1080,1920,Hybrid,1,0
HP,15.6,2.3,4,Windows,1.88,3327.0190000000002,Intel,768,1366,Hybrid,500,0
Asus,13.3,2.5,6,Windows,1.5,2281.0820000000003,Intel,1080,1920,Hybrid,1,0
Asus,14.0,2.7,16,Windows,11.1,6782.544000000001,Intel,1080,1920,SSD,512,0
Dell,15.6,2.8,16,Windows,2.62,5279.667,Intel,1080,1920,Hybrid,256,1
Lenovo,15.6,1.6,4,Windows,1.8,2959.3230000000003,Intel,1080,1920,SSD,256,0
Lenovo,15.6,2.0,4,Windows,2.2,2066.8830000000003,Intel,1080,1920,Hybrid,1,0
Asus,15.6,1.1,8,Windows,2,1424.353,Intel,768,1366,Hybrid,1,0
Asus,15.6,2.5,8,Windows,1.99,3236.4350000000004,Intel,1080,1920,Hybrid,1,0
Dell,13.3,1.6,8,Windows,1.23,6671.860000000001,Intel,1800,3200,SSD,256,0
Lenovo,14.0,1.6,2,Windows,1.42,888.889,Intel,768,1366,SSD,32,0
Lenovo,13.3,2.7,8,Windows,1.37,6273.545,Intel,1080,1920,SSD,256,0
Dell,15.6,2.8,16,Windows,2.06,8563.873000000001,Intel,2160,3840,SSD,1,0
Lenovo,15.6,2.8,8,Windows,2.5,3958.896,Intel,1080,1920,Hybrid,128,1
HP,17.0,3.0,8,Windows,2.6,1859.518,AMD,900,1600,Hybrid,1,0
Lenovo,14.0,2.7,16,Windows,1.14,8745.912,Intel,1080,1920,SSD,512,0
Acer,15.6,2.0,4,Windows,2.4,1606.392,Intel,768,1366,Hybrid,500,0
Lenovo,14.0,1.6,4,Windows,1.43,978.133,Intel,768,1366,SSD,32,0
Acer,14.0,2.5,8,Windows,1.8,3280.588,Intel,1080,1920,SSD,256,0
Lenovo,12.5,2.7,8,Windows,1.36,5654.532,Intel,1080,1920,SSD,256,0
Asus,17.3,2.7,32,Windows,3.8,9991.777,Intel,1080,1920,SSD,512,0
Acer,15.6,2.5,8,Linux,2.4,2530.992,Intel,1080,1920,Hybrid,1,0
Dell,13.3,1.6,8,Windows,1.2,5175.817,Intel,1080,1920,SSD,256,0
Dell,15.6,1.8,8,Windows,6.2,3280.588,Intel,1080,1920,SSD,256,0
Dell,15.6,1.8,16,Windows,2.2,4051.6910000000003,Intel,1080,1920,Hybrid,256,2
Lenovo,15.6,2.6,8,Windows,3.31,4269.441,Intel,1080,1920,Hybrid,128,1
Dell,17.3,2.8,32,Windows,4.42,11235.364000000001,Intel,2160,3840,Hybrid,512,1
Dell,14.0,2.4,8,Windows,1.56,4387.227,Intel,1080,1920,SSD,256,0
Lenovo,15.6,1.1,4,Windows,2.2,1495.708,Intel,768,1366,Hybrid,500,0
Lenovo,15.6,2.3,4,Windows,2.2,1909.835,Intel,1080,1920,Hybrid,500,0
HP,15.6,2.0,6,Windows,2.04,1924.1060000000002,Intel,1080,1920,Hybrid,1,0
HP,15.6,2.7,8,Windows,2.1,2659.498,Intel,1080,1920,Hybrid,1,0
Acer,15.6,2.0,4,Linux,2.1,1470.717,Intel,768,1366,SSD,128,0
Microsoft,13.5,2.8,8,Windows,1.252,6667.773,Intel,1504,2256,SSD,256,0
Lenovo,15.6,2.5,8,Windows,1.90,2919.86,Intel,1080,1920,Hybrid,128,1
Lenovo,13.3,2.5,8,Windows,1.3,3691.164,Intel,1080,1920,SSD,256,0
Lenovo,35.6,2.2,4,Windows,2.2,1245.865,AMD,768,1366,SSD,128,0
HP,14.0,2.4,4,Windows,1.63,2495.281,Intel,1080,1920,SSD,128,0
Asus,14.0,2.5,8,Windows,1.1,4051.6910000000003,Intel,1080,1920,SSD,256,0
HP,11.6,1.1,8,other,1.4,1767.058,Intel,768,1366,SSD,64,0
LG,15.6,1.8,8,Windows,1.09,8206.897,Intel,1080,1920,SSD,512,0
Acer,15.6,2.5,16,Windows,2.5,4637.137000000001,Intel,1080,1920,SSD,256,0
Asus,15.6,1.1,4,Windows,1.86,1495.708,Intel,768,1366,SSD,128,0
Dell,15.6,2.5,16,Windows,3.21,7321.559,Intel,1080,1920,Hybrid,128,1
HP,17.3,2.0,4,Windows,2.5,2495.281,Intel,1080,1920,SSD,256,0
Lenovo,13.3,1.8,8,Windows,1.19,5351.089,Intel,1080,1920,SSD,512,0
Dell,15.6,2.9,16,Windows,3.49,10044.439,Intel,1080,1920,Hybrid,256,1
HP,15.6,2.5,4,Windows,1.86,2186.88,Intel,768,1366,Hybrid,500,0
Dell,15.6,2.0,4,Windows,2.2,1947.891,Intel,768,1366,Hybrid,1,0
HP,17.3,2.4,6,Windows,2.65,2031.172,AMD,1080,1920,Hybrid,2,0
Lenovo,15.6,1.6,4,Windows,2.1,1135.181,Intel,768,1366,Hybrid,500,0
Acer,14.0,1.6,4,other,1.45,1338.66,Intel,768,1366,SSD,32,0
Lenovo,14.0,2.5,4,Windows,1.7,2495.281,Intel,1080,1920,SSD,256,0
HP,17.3,2.8,8,Windows,3.14,6811.086,Intel,1080,1920,Hybrid,500,0
Lenovo,14.0,2.7,8,Windows,1.42,9245.665,Intel,1440,2560,SSD,256,0
Acer,11.6,1.6,4,Windows,1.4,960.244,Intel,768,1366,SSD,32,0
Lenovo,14.0,2.7,16,Windows,1.38,6243.529,Intel,1080,1920,SSD,512,0
Asus,12.5,0.9,4,other,1.2,2388.148,Intel,1080,1920,SSD,64,0
Dell,15.6,2.5,8,Windows,2.56,2923.612,Intel,1080,1920,Hybrid,1,0
Lenovo,15.6,2.9,4,Windows,2.2,1424.353,AMD,1080,1920,SSD,256,0
Lenovo,15.6,3.6,8,Windows,2.2,1531.419,AMD,768,1366,Hybrid,1,0
Lenovo,15.6,2.5,4,Windows,2.1,2218.4370000000004,Intel,1080,1920,Hybrid,1,1
Dell,15.6,2.5,8,Windows,2.18,2837.9860000000003,Intel,1080,1920,SSD,256,0
Lenovo,15.6,2.5,16,Windows,2.18,6621.878000000001,Intel,1080,1920,SSD,512,0
Lenovo,14.0,2.3,8,Windows,1.8,4251.552000000001,Intel,1080,1920,SSD,256,0
HP,17.3,2.5,6,Windows,2.71,2338.233,AMD,1080,1920,Hybrid,2,0
Lenovo,15.6,2.8,8,Windows,2.5,4458.649,Intel,1080,1920,Hybrid,128,1
Dell,14.0,2.8,8,Linux,1.64,3887.474,Intel,1080,1920,SSD,256,0
Dell,15.6,2.5,8,Linux,1.98,2591.627,Intel,1080,1920,Hybrid,1,0
Asus,14.0,1.1,4,Windows,1.5,1063.759,Intel,1080,1920,SSD,32,0
Dell,15.6,2.6,16,Windows,1.93,5092.804,Intel,1080,1920,SSD,512,0
Lenovo,14.0,2.5,8,Windows,1.87,3059.5550000000003,Intel,1080,1920,SSD,256,0
Dell,15.6,2.6,8,Windows,1.9,4208.7390000000005,Intel,1080,1920,SSD,256,0
Lenovo,15.6,2.0,4,Windows,2.19,1063.759,AMD,768,1366,Hybrid,500,0
HP,17.3,2.7,8,Windows,2.63,4283.712,Intel,1080,1920,SSD,256,0
Lenovo,14.0,2.5,64,Windows,1.17,6020.888,Intel,1440,2560,SSD,512,0
HP,13.3,2.5,8,Windows,1.58,2986.458,Intel,768,1366,SSD,256,0
Lenovo,14.0,2.5,8,Windows,1.32,5351.089,Intel,1080,1920,SSD,256,0
Dell,17.3,2.8,32,Windows,4.36,13063.191,Intel,2160,3840,Hybrid,1,1
Dell,13.3,2.4,4,Windows,1.71,2316.793,Intel,1080,1920,Hybrid,1,0
Dell,15.6,2.5,8,Linux,2.32,2104.4700000000003,Intel,768,1366,Hybrid,1,0
HP,15.6,3.0,4,Windows,2.1,1745.6180000000002,AMD,1080,1920,Hybrid,1,0
Acer,17.3,2.6,16,Windows,4.2,6907.499000000001,Intel,1080,1920,Hybrid,128,1
Dell,15.6,2.5,12,Windows,2.25,2316.793,Intel,768,1366,Hybrid,1,0
HP,15.6,3.0,6,Windows,2.1,2320.344,AMD,1080,1920,Hybrid,128,1
Acer,15.6,2.5,4,Windows,2.4,1995.528,Intel,768,1366,Hybrid,500,0
Lenovo,13.3,2.5,8,Windows,1.44,3426.983,Intel,1080,1920,SSD,256,0
Lenovo,15.6,2.7,4,Windows,1.85,2780.835,Intel,1080,1920,Hybrid,1,0
HP,15.6,2.8,16,Windows,2.6,8635.228000000001,Intel,1080,1920,SSD,256,0
Dell,13.3,1.6,8,Windows,1.55,2352.5040000000004,Intel,1080,1920,Hybrid,1,0
Acer,15.6,2.0,4,Windows,2.4,1466.429,Intel,768,1366,Hybrid,500,0
Dell,15.6,2.7,8,Windows,2.0,4308.703,Intel,1080,1920,Hybrid,128,1
Dell,15.6,2.0,8,Windows,2,2373.877,Intel,768,1366,SSD,256,0
Lenovo,14.0,2.5,8,Windows,1.7,3566.2090000000003,Intel,1080,1920,SSD,256,0
Lenovo,15.6,2.8,16,Windows,2.5,11776.657000000001,Intel,2160,3840,SSD,1,0
Acer,14.0,1.6,2,other,1.68,1177.9940000000001,Intel,768,1366,SSD,32,0
Samsung,13.3,2.7,16,Windows,0.81,5886.553000000001,Intel,1080,1920,SSD,256,0
Dell,14.0,2.5,8,Windows,1.6,4022.077,Intel,768,1366,SSD,256,0
HP,17.3,2.9,16,Windows,3,15667.682,Intel,1080,1920,SSD,256,0
Lenovo,11.6,1.6,4,Windows,1.4,1695.6360000000002,Intel,768,1366,SSD,128,0
HP,15.6,2.4,8,Windows,1.84,6782.544000000001,Intel,1080,1920,SSD,256,0
Asus,15.6,2.7,4,Windows,2.37,3033.9610000000002,Intel,768,1366,SSD,256,0
Lenovo,13.3,1.8,8,Windows,1.3,4280.161,Intel,1800,3200,SSD,256,0
HP,15.6,2.5,8,Windows,2.2,3923.1850000000004,Intel,1080,1920,Hybrid,128,1
HP,15.6,2.6,8,Windows,2.59,5572.39,Intel,1080,1920,SSD,256,0
Dell,15.6,2.8,16,Windows,4.42,10241.62,Intel,2160,3840,Hybrid,256,1
Acer,15.6,2.5,4,Windows,2.1,2138.3050000000003,Intel,768,1366,SSD,256,0
Lenovo,15.6,2.8,8,Windows,2.5,3741.079,Intel,1080,1920,Hybrid,128,1
Dell,12.5,2.8,16,Windows,1.18,6636.216,Intel,1080,1920,SSD,256,0
Asus,13.3,2.5,8,Windows,1.2,4030.251,Intel,1800,3200,SSD,256,0
Dell,13.3,2.0,4,Windows,1.65,3030.7450000000003,Intel,768,1366,Hybrid,500,0
Acer,13.3,2.3,4,Windows,1.6,2338.166,Intel,768,1366,SSD,128,0
Asus,17.3,1.1,4,Windows,2.8,1679.0200000000002,Intel,768,1366,Hybrid,1,0
Dell,15.6,2.6,16,Windows,2.72,3923.1850000000004,Intel,2160,3840,Hybrid,128,1
Samsung,13.3,2.7,8,Windows,1.31,5708.0650000000005,Intel,1080,1920,SSD,256,0
Acer,15.6,1.1,4,Linux,2.1,1063.759,Intel,768,1366,Hybrid,1,0
Samsung,15.0,2.7,16,Windows,1.71,6422.017000000001,Intel,1080,1920,SSD,256,0
Dell,15.6,2.8,8,Windows,2.62,3923.1850000000004,Intel,1080,1920,Hybrid,1,0
Asus,15.6,2.7,12,Windows,2.3,2995.034,Intel,1080,1920,Hybrid,2,0
Lenovo,15.6,2.7,16,Windows,2.5,8460.358,Intel,2160,3840,SSD,512,0
Acer,14.0,2.4,4,Windows,1.8,2270.362,Intel,1080,1920,SSD,128,0
Asus,15.6,1.1,8,Windows,2,2077.268,Intel,1080,1920,SSD,128,0
Dell,17.3,2.8,32,Windows,4.42,12811.137,Intel,1080,1920,Hybrid,1,1
Asus,17.3,2.6,16,Windows,4.3,8388.936,Intel,1080,1920,Hybrid,256,1
Lenovo,14.0,2.7,16,Windows,1.7,8206.897,Intel,1080,1920,SSD,512,0
Lenovo,15.6,2.8,4,Windows,2.4,3566.2090000000003,Intel,1080,1920,Hybrid,1,0
Acer,17.3,2.8,16,Windows,4.2,8206.897,Intel,1080,1920,Hybrid,256,1
Dell,15.6,2.5,8,Windows,2.62,3516.2270000000003,Intel,1080,1920,SSD,256,0
Asus,15.6,2.8,8,Windows,2.24,4779.914000000001,Intel,1080,1920,Hybrid,128,1
Lenovo,13.3,2.7,8,Windows,1.37,7032.454000000001,Intel,1080,1920,SSD,512,0
Lenovo,15.6,2.5,8,Windows,2.08,3423.4320000000002,Intel,1080,1920,SSD,256,0
Apple,12.0,1.2,8,macos,0.920,4158.7570000000005,Intel,1440,2304,SSD,512,0
Lenovo,14.0,2.5,8,Windows,1.42,8317.514000000001,Intel,1440,2560,SSD,256,0
Asus,14.0,1.1,4,Windows,1.63,1067.377,Intel,768,1366,SSD,32,0
Dell,15.6,2.5,8,Windows,1.95,2891.5190000000002,Intel,768,1366,SSD,128,0
Lenovo,13.9,2.7,8,Windows,1.38,4815.625,Intel,1080,1920,SSD,256,0
Dell,15.6,2.0,8,Windows,2,2638.058,Intel,1080,1920,SSD,256,0
HP,15.6,2.8,8,Windows,3.14,7371.206,Intel,1080,1920,SSD,256,0
Asus,15.6,2.5,8,Windows,2.37,3923.1850000000004,Intel,1080,1920,SSD,256,0
Dell,13.3,2.5,8,Windows,1.29,5351.089,Intel,1080,1920,SSD,256,0
Dell,15.6,2.5,8,Windows,2.06,6243.529,Intel,2160,3840,SSD,256,0
Dell,11.6,1.1,4,Windows,1.63,2655.88,Intel,768,1366,SSD,128,0
HP,12.5,2.6,8,Windows,1.26,4958.402,Intel,768,1366,SSD,256,0
HP,15.6,2.5,8,Windows,2.04,2245.371,AMD,768,1366,Hybrid,2,0
Dell,15.6,2.8,16,Windows,2.62,5993.619000000001,Intel,2160,3840,SSD,512,0
Lenovo,15.6,2.5,4,Windows,2.4,2174.016,Intel,1080,1920,Hybrid,1,0
HP,17.3,2.8,12,Windows,3.74,6243.529,Intel,1080,1920,Hybrid,1,0
Samsung,13.3,2.5,8,Windows,0.81,5351.089,Intel,1080,1920,SSD,256,0
Dell,15.6,2.7,8,Windows,1.98,3430.534,Intel,1080,1920,Hybrid,1,0
Dell,15.6,2.5,8,Windows,2.18,2819.427,Intel,1080,1920,SSD,256,0
Lenovo,14.0,2.7,8,Windows,1.32,6636.216,Intel,1080,1920,SSD,256,0
HP,11.6,1.6,4,other,1.23,1374.371,Intel,768,1366,SSD,16,0
Dell,17.3,2.8,16,Windows,4.36,8942.289,Intel,1080,1920,Hybrid,128,1
Dell,14.0,2.3,4,Windows,1.76,2695.1420000000003,Intel,768,1366,Hybrid,500,0
Lenovo,15.6,2.0,4,Windows,2.1,1748.834,Intel,768,1366,Hybrid,500,0
Lenovo,14.0,2.7,8,Windows,1.13,8920.849,Intel,1080,1920,SSD,512,0
Lenovo,14.0,2.5,8,Windows,1.13,6693.3,Intel,1080,1920,SSD,256,0
Asus,13.3,2.5,8,Windows,1.1,4847.718,Intel,1080,1920,SSD,256,0
Dell,14.0,2.0,4,Windows,1.76,2088.3230000000003,Intel,768,1366,Hybrid,500,0
Acer,11.6,1.6,4,other,1.35,1267.238,Intel,768,1366,SSD,32,0
Acer,14.0,2.4,8,Windows,1.5,2209.6600000000003,Intel,1080,1920,SSD,128,0
Lenovo,14.0,2.6,16,Windows,1.1,7492.945000000001,Intel,1440,2560,SSD,512,0
Asus,15.6,2.5,4,Linux,2.1,1852.6840000000002,Intel,1080,1920,Hybrid,1,0
Lenovo,14.0,2.3,8,Windows,1.7,4233.7300000000005,Intel,1080,1920,SSD,256,0
Lenovo,14.0,2.6,8,Windows,1.32,5890.104,Intel,1080,1920,SSD,256,0
Dell,15.6,2.8,16,Windows,3.21,9904.744,Intel,1080,1920,Hybrid,256,1
Asus,17.3,2.8,16,Windows,2.9,8635.228000000001,Intel,1080,1920,Hybrid,256,1
Lenovo,14.0,1.6,4,other,1.5,1160.172,Intel,768,1366,SSD,16,0
Asus,15.6,2.5,8,Windows,2.3,2106.145,Intel,1080,1920,Hybrid,128,0
Asus,17.3,2.6,16,Windows,2.73,6422.017000000001,Intel,1080,1920,Hybrid,512,1
Dell,17.3,2.8,32,Windows,4.42,10969.508,Intel,1080,1920,Hybrid,512,1
HP,17.3,2.5,8,Windows,2.63,3248.4950000000003,Intel,900,1600,Hybrid,1,0
Dell,15.6,2.5,8,Windows,2.18,2548.7470000000003,Intel,768,1366,SSD,128,0
HP,14.0,2.5,8,Windows,1.54,6675.478,Intel,1080,1920,SSD,512,0
Dell,15.6,2.7,4,Windows,2.18,2638.058,Intel,1080,1920,SSD,256,0
HP,11.6,1.1,4,other,1.4,2195.389,Intel,768,1366,SSD,32,0
Asus,13.3,2.3,8,Windows,1.45,3662.5550000000003,Intel,1080,1920,SSD,512,0
HP,13.3,2.5,8,Windows,1.28,8128.3730000000005,Intel,1080,1920,SSD,256,0
HP,14.0,2.5,8,Windows,1.54,5240.405000000001,Intel,1080,1920,SSD,512,0
Asus,15.6,2.8,16,Windows,2.1,6778.993,Intel,1080,1920,Hybrid,128,1
Dell,17.3,2.7,8,Linux,2.83,3087.829,Intel,1080,1920,Hybrid,1,0
Lenovo,14.0,2.8,8,Windows,1.96,6793.264,Intel,1080,1920,SSD,256,0
Asus,15.6,2.7,8,Windows,2.3,2809.377,Intel,1080,1920,SSD,256,0
Dell,15.6,2.5,8,Windows,1.9,3373.4500000000003,Intel,1080,1920,SSD,128,0
Asus,15.6,1.1,4,Windows,2,1602.8410000000001,Intel,768,1366,Hybrid,1,0
HP,13.3,2.8,8,Windows,1.28,9135.048,Intel,1080,1920,SSD,256,0
Dell,13.3,2.3,8,Windows,1.62,2316.793,Intel,1080,1920,Hybrid,1,0
Lenovo,15.6,2.5,8,Windows,2.3,3036.641,Intel,1080,1920,Hybrid,1,0
HP,15.6,2.6,8,Windows,1.84,4815.625,Intel,1080,1920,SSD,256,0
Dell,13.3,2.5,16,Windows,1.29,7996.249000000001,Intel,1800,3200,SSD,512,0
HP,15.6,2.3,4,Windows,2.07,3248.4950000000003,Intel,1080,1920,Hybrid,500,0
Lenovo,13.3,2.7,8,Windows,1.37,6961.032,Intel,1080,1920,SSD,256,0
Acer,14.0,2.5,8,Windows,1.56,3219.953,Intel,1080,1920,SSD,256,0
Dell,15.6,2.8,8,Windows,2.23,6347.044000000001,Intel,1080,1920,Hybrid,1,0
Lenovo,15.6,2.5,4,Windows,2.38,3766.07,Intel,768,1366,Hybrid,500,0
Lenovo,13.3,2.4,4,Windows,1.44,2623.7870000000003,Intel,1080,1920,SSD,180,0
Samsung,15.0,2.7,16,Windows,1.23,6600.505,Intel,1080,1920,SSD,256,0
Dell,12.5,2.8,8,Windows,1.6,6032.881,Intel,1080,1920,SSD,256,0
Asus,15.6,1.1,4,Linux,2,1424.286,Intel,768,1366,Hybrid,1,0
Xiaomi,13.3,2.3,8,Windows,1.28,3337.739,Intel,1080,1920,SSD,256,0
Dell,15.6,2.5,4,Windows,2.18,3257.4060000000004,Intel,1080,1920,Hybrid,128,1
HP,15.6,2.5,4,Windows,2.04,2995.034,Intel,1080,1920,SSD,256,0
HP,13.3,2.5,4,Windows,1.28,6068.592000000001,Intel,1080,1920,SSD,256,0
HP,15.6,2.5,4,Windows,2.3,2444.5620000000004,Intel,768,1366,Hybrid,500,0
Asus,14.1,1.1,4,Windows,1.65,1242.247,Intel,768,1366,SSD,32,0
Lenovo,15.6,2.5,8,Windows,2.2,2388.148,Intel,1080,1920,Hybrid,1,0
Dell,15.6,1.6,4,Windows,2.2,1317.22,Intel,768,1366,Hybrid,500,0
HP,13.3,2.5,4,Windows,1.28,6422.017000000001,Intel,1080,1920,SSD,256,0
Dell,15.6,2.0,4,Linux,2.18,1626.76,Intel,768,1366,Hybrid,1,0
Asus,17.3,2.5,12,Windows,2.2,4890.196,Intel,1080,1920,Hybrid,128,1
Acer,11.6,1.6,4,other,1.25,1060.208,Intel,768,1366,SSD,32,0
Lenovo,17.3,2.2,4,Windows,2.8,1352.931,AMD,900,1600,Hybrid,500,0
HP,14.0,2.5,4,Windows,1.95,4515.733,Intel,1080,1920,SSD,128,0
HP,13.3,2.7,16,Windows,1.42,4994.113,Intel,1800,3200,SSD,256,0
Samsung,15.0,2.7,8,Windows,1.17,6065.041,Intel,1080,1920,SSD,256,0
Lenovo,14.0,2.5,8,Windows,1.32,6422.017000000001,Intel,1080,1920,SSD,256,0
Dell,15.6,2.8,8,Linux,2.62,3316.299,Intel,1080,1920,Hybrid,1,0
HP,15.6,2.7,8,Windows,2.04,3212.784,Intel,1080,1920,Hybrid,1,0
Dell,15.6,2.0,4,Windows,2.18,2191.838,Intel,768,1366,Hybrid,1,0
Dell,15.6,2.6,8,Windows,1.9,3337.739,Intel,1080,1920,Hybrid,500,0
Dell,13.3,1.3,8,Windows,1.24,7186.286,Intel,1800,3200,SSD,512,0
Asus,17.3,2.7,32,Windows,3.58,4565.715,Intel,1080,1920,SSD,256,262144
Dell,13.3,1.3,16,Windows,1.22,5886.553000000001,Intel,1080,1920,SSD,256,0
Lenovo,14.0,2.7,8,Windows,1.13,7314.457,Intel,1080,1920,SSD,256,0
Lenovo,15.6,2.5,8,Windows,1.95,7007.396000000001,Intel,1080,1920,SSD,512,0
LG,15.6,2.7,16,Windows,1.08,7492.945000000001,Intel,1080,1920,SSD,512,0
HP,12.5,2.7,8,Windows,1.26,5293.938,Intel,1080,1920,SSD,512,0
Acer,15.6,1.5,4,other,2.20,1281.576,Intel,1080,1920,SSD,16,0
Lenovo,15.6,2.3,8,Windows,2.6,2816.5460000000003,Intel,1080,1920,Hybrid,128,1
LG,14.0,2.7,8,Windows,0.98,6778.993,Intel,1080,1920,SSD,512,0
Dell,14.0,2.8,8,Windows,1.6,4301.534000000001,Intel,1080,1920,SSD,256,0
HP,12.5,1.2,8,Windows,1.09,11066.256000000001,Intel,2160,3840,SSD,240,0
Lenovo,15.6,2.7,6,Windows,2.2,2816.5460000000003,Intel,1080,1920,SSD,256,0
HP,15.6,2.7,8,Windows,2.04,3637.5640000000003,Intel,1080,1920,SSD,256,0
Acer,15.6,2.4,4,Windows,2.4,1781.3290000000002,Intel,1080,1920,Hybrid,1,0
Lenovo,13.3,2.5,4,Windows,1.44,3144.98,Intel,1080,1920,SSD,128,0
HP,13.3,2.5,8,Windows,1.49,3426.983,Intel,1080,1920,SSD,256,0
Dell,15.6,2.8,16,Windows,2.6,4815.625,Intel,1080,1920,Hybrid,128,1
Dell,15.6,2.5,4,Windows,2.18,2445.232,Intel,768,1366,Hybrid,1,0
HP,15.6,2.5,8,Windows,1.84,4629.968,Intel,1080,1920,SSD,256,0
Lenovo,13.3,2.5,8,Windows,1.37,6514.812000000001,Intel,1080,1920,SSD,512,0
Dell,15.6,2.3,4,Windows,1.95,2605.563,Intel,768,1366,Hybrid,500,0
Lenovo,12.5,2.7,8,Windows,1.36,5890.104,Intel,1080,1920,SSD,256,0
HP,15.6,2.3,8,Windows,2.31,4158.7570000000005,Intel,1080,1920,SSD,256,0
Dell,15.6,2.5,4,Windows,2.18,2527.5750000000003,Intel,768,1366,Hybrid,1,0
HP,14.0,2.3,4,Windows,1.95,4101.673000000001,Intel,768,1366,Hybrid,500,0
Lenovo,15.6,1.1,4,Windows,2.2,1103.088,Intel,768,1366,Hybrid,1,0
HP,12.5,2.3,4,Windows,1.26,5636.643,Intel,1080,1920,Hybrid,500,0
Lenovo,13.3,2.2,16,Windows,1.3,6422.017000000001,Intel,1800,3200,SSD,1,0
HP,12.5,2.3,8,Windows,1.26,5957.908,Intel,1080,1920,SSD,256,0
Dell,15.6,2.0,4,Windows,2.18,1994.054,Intel,768,1366,Hybrid,1,0
Dell,17.3,2.7,16,Windows,4.36,9845.382000000001,Intel,1440,2560,Hybrid,512,1
HP,17.3,2.3,8,Windows,2.75,4994.113,Intel,1080,1920,Hybrid,128,1
Asus,17.3,1.6,4,Windows,2.8,1891.9460000000001,Intel,900,1600,Hybrid,1,0
Acer,15.6,2.5,4,Windows,2.23,2209.6600000000003,Intel,768,1366,Hybrid,500,0
Lenovo,11.3,1.2,8,Windows,1.1,4637.137000000001,Intel,1080,1920,SSD,256,0
Lenovo,15.6,2.1,16,Windows,2.5,3566.2090000000003,AMD,1080,1920,Hybrid,512,1
Dell,12.5,2.5,8,Windows,1.36,5255.4130000000005,Intel,1080,1920,SSD,256,0
Dell,17.3,2.0,4,Windows,2.36,2352.5040000000004,Intel,900,1600,Hybrid,1,0
Acer,14.0,1.6,4,other,1.68,1245.865,Intel,768,1366,SSD,32,0
HP,15.6,2.7,8,Windows,2.0,8028.409000000001,Intel,1080,1920,SSD,8,0
Dell,14.0,2.8,8,Windows,1.36,6336.3240000000005,Intel,1080,1920,SSD,256,0
Asus,12.5,1.2,8,other,1.2,4137.384,Intel,1080,1920,SSD,64,0
Lenovo,14.0,2.6,8,Windows,1.7,5315.311000000001,Intel,1080,1920,SSD,256,0
Dell,17.3,2.8,16,Windows,4.36,11259.015000000001,Intel,2160,3840,Hybrid,512,1
Dell,13.3,1.2,8,Windows,1.24,6778.993,Intel,1080,1920,SSD,256,0
HP,11.6,1.1,4,Windows,1.45,2766.5640000000003,Intel,768,1366,SSD,256,0
Dell,13.3,2.5,8,Windows,1.3,4526.453,Intel,1800,3200,SSD,256,0
Acer,11.6,1.6,4,other,1.25,1388.642,Intel,768,1366,SSD,32,0
Lenovo,12.5,2.6,8,Windows,1.36,6282.791,Intel,1080,1920,SSD,256,0
Acer,15.6,2.5,12,Windows,2.4,3601.92,Intel,1080,1920,Hybrid,128,1
HP,15.6,2.5,8,Windows,2.04,3021.8340000000003,Intel,768,1366,Hybrid,1,0
Dell,15.6,2.0,4,Linux,2.25,1662.1360000000002,Intel,768,1366,Hybrid,1,0
Dell,15.6,2.5,4,Windows,1.9,2945.052,Intel,768,1366,Hybrid,500,0
HP,15.6,2.4,4,Windows,2.04,2445.299,Intel,1080,1920,Hybrid,500,0
Dell,17.3,2.8,32,Windows,4.42,11241.193000000001,Intel,1080,1920,Hybrid,256,1
Lenovo,15.6,2.5,6,Windows,2.4,2481.01,Intel,1080,1920,SSD,256,0
Dell,13.3,1.3,16,Windows,1.22,6778.993,Intel,1800,3200,SSD,512,0
Dell,14.0,2.6,8,Windows,1.5,7007.396000000001,Intel,1440,2560,SSD,256,0
Dell,17.3,2.6,32,Windows,4.42,9995.328000000001,Intel,1080,1920,Hybrid,256,1
Asus,17.3,2.8,16,Windows,2.73,7317.673000000001,Intel,1080,1920,Hybrid,256,1
HP,15.6,2.7,8,Windows,2.04,3494.7870000000003,Intel,1080,1920,Hybrid,128,1
Lenovo,14.0,2.3,4,Windows,1.70,3576.929,Intel,768,1366,Hybrid,508,0
Asus,15.6,2.7,16,Windows,2.3,6422.017000000001,Intel,2160,3840,Hybrid,512,2
Asus,17.3,2.8,16,Windows,2.99,6243.529,Intel,1080,1920,Hybrid,256,1
Dell,15.6,2.7,12,Windows,2.19,4637.137000000001,Intel,1080,1920,SSD,512,0
Lenovo,15.6,3.6,6,Windows,2.2,1959.817,AMD,1080,1920,SSD,256,0
Dell,15.6,2.5,4,Windows,2.25,2138.3050000000003,Intel,768,1366,Hybrid,500,0
HP,15.6,2.5,8,Windows,2.04,2877.248,Intel,1080,1920,Hybrid,1,0
Lenovo,15.6,2.8,8,Windows,2.5,4244.45,Intel,1080,1920,Hybrid,128,1
Dell,15.6,2.7,8,Windows,2.36,2673.7690000000002,Intel,768,1366,Hybrid,1,0
Dell,14.0,2.5,8,Windows,1.6,3994.5400000000004,Intel,1080,1920,SSD,128,0
HP,12.5,1.2,8,Windows,0.97,6811.086,Intel,1080,1920,SSD,512,0
HP,15.6,2.0,4,Windows,2.1,1781.3290000000002,Intel,1080,1920,Hybrid,128,1
Lenovo,15.6,2.3,8,Windows,2.3,4815.625,Intel,1080,1920,SSD,256,0
Asus,13.3,2.5,8,Windows,1.4,4105.224,Intel,1800,3200,SSD,256,0
HP,13.3,2.7,8,Windows,1.11,4815.625,Intel,1080,1920,SSD,256,0
Acer,15.6,1.1,4,Windows,2.4,1356.482,Intel,768,1366,Hybrid,500,0
Asus,15.6,2.8,16,Windows,2.5,6422.017000000001,Intel,1080,1920,Hybrid,256,1
HP,14.0,2.7,8,Windows,1.48,7457.234,Intel,1080,1920,SSD,512,0
Acer,15.6,2.8,8,Windows,2.7,4497.911,Intel,1080,1920,Hybrid,128,1
HP,13.3,2.5,8,Windows,1.34,4244.45,Intel,1080,1920,SSD,256,0
Dell,15.6,2.4,4,Windows,2.18,1952.6480000000001,Intel,768,1366,SSD,128,0
HP,14.0,2.5,4,Windows,1.64,2780.835,Intel,768,1366,Hybrid,500,0
HP,14.0,2.4,4,Windows,1.48,3926.6690000000003,Intel,768,1366,SSD,256,0
HP,14.0,2.5,4,Windows,1.95,4301.534000000001,Intel,1080,1920,SSD,256,0
HP,14.0,2.6,8,Windows,1.43,5172.601000000001,Intel,1080,1920,SSD,256,0
HP,14.0,2.5,8,Windows,1.64,3745.635,Intel,1080,1920,SSD,256,0
HP,14.0,2.4,4,Windows,1.64,2441.748,Intel,768,1366,Hybrid,500,0
Dell,15.6,2.5,8,Windows,2.65,3387.721,Intel,1080,1920,Hybrid,1,0
HP,12.5,2.5,4,Windows,1.26,5493.866,Intel,1080,1920,Hybrid,500,0
HP,14.0,2.5,4,Windows,1.48,5675.905000000001,Intel,1080,1920,SSD,256,0
HP,14.0,2.5,8,Windows,1.54,6736.917,Intel,1080,1920,SSD,256,0
HP,13.3,2.4,4,Windows,1.49,2855.808,Intel,768,1366,Hybrid,500,0
HP,15.6,2.4,4,Windows,2.04,2748.675,Intel,768,1366,SSD,256,0
Lenovo,17.3,2.7,16,Windows,2.4,10595.045,Intel,2160,3840,SSD,512,0
HP,14.0,2.5,8,Windows,1.43,7956.987,Intel,1080,1920,SSD,256,0
Dell,15.6,2.3,4,Windows,2.08,2841.4700000000003,Intel,1080,1920,Hybrid,1,0
HP,13.3,2.5,8,Windows,1.11,4101.673000000001,Intel,1080,1920,SSD,256,0
HP,14.0,2.7,8,Windows,1.64,4231.72,Intel,1080,1920,SSD,256,0
Dell,15.6,2.4,8,Windows,2.09,3735.518,Intel,1080,1920,Hybrid,500,0
HP,12.5,2.5,4,Windows,1.26,5565.2880000000005,Intel,768,1366,SSD,256,0
HP,14.0,2.5,4,Windows,2.31,4244.45,Intel,768,1366,Hybrid,500,0
HP,14.0,2.5,4,Windows,1.95,3783.9590000000003,Intel,768,1366,Hybrid,500,0
Dell,13.3,2.5,8,Windows,1.29,5797.309,Intel,1800,3200,SSD,256,0
HP,17.3,2.5,8,Windows,2.63,3855.3140000000003,Intel,1080,1920,SSD,256,0
HP,14.0,2.5,4,Windows,1.64,3473.347,Intel,768,1366,SSD,256,0
Acer,15.6,3.0,6,Windows,2.1,1460.064,AMD,768,1366,Hybrid,1,0
HP,14.0,2.3,8,Windows,1.95,4265.89,Intel,1080,1920,SSD,256,0
HP,15.6,2.5,8,Windows,1.84,4387.227,Intel,1080,1920,SSD,256,0
HP,12.5,2.5,8,Windows,1.26,4815.625,Intel,1080,1920,SSD,256,0
HP,15.6,2.5,4,Windows,2.04,2648.7780000000002,Intel,768,1366,Hybrid,500,0
Dell,15.6,2.4,8,Windows,2.09,3794.478,Intel,1080,1920,SSD,256,0
HP,14.0,2.5,8,Windows,1.64,3607.28,Intel,1080,1920,SSD,256,0
Lenovo,15.6,2.5,4,Windows,1.8,3023.576,Intel,1080,1920,SSD,256,0
Lenovo,15.6,2.3,8,Windows,2.3,3746.8410000000003,Intel,1080,1920,SSD,256,0
HP,14.0,2.3,4,Windows,1.54,3569.76,Intel,1080,1920,Hybrid,500,0
HP,15.6,2.4,8,Windows,1.84,7508.4220000000005,Intel,1080,1920,Hybrid,256,512000
HP,14.0,2.3,8,Windows,1.43,5243.956,Intel,1080,1920,SSD,256,0
Lenovo,17.3,2.6,16,Windows,4.6,8174.737,Intel,1080,1920,Hybrid,128,1
Asus,11.6,1.6,4,other,1.2,1027.713,Intel,768,1366,SSD,16,0
Lenovo,14.0,2.6,16,Windows,1.1,9352.798,Intel,1440,2560,SSD,256,0
HP,15.6,2.7,8,Windows,1.91,3494.7870000000003,Intel,1080,1920,Hybrid,1,0
Dell,15.6,2.7,8,Windows,2.3,3905.2960000000003,Intel,1080,1920,SSD,256,0
HP,15.6,2.5,4,Windows,2.04,3494.7870000000003,Intel,768,1366,SSD,256,0
Dell,13.3,2.7,16,Windows,1.2,8046.231000000001,Intel,1800,3200,SSD,1,0
HP,15.6,2.3,4,Windows,2.31,2517.19,Intel,768,1366,Hybrid,500,0
Acer,15.6,2.2,8,Windows,2.4,1602.8410000000001,AMD,768,1366,Hybrid,1,0
Dell,13.3,2.7,12,Windows,1.6,4637.137000000001,Intel,1080,1920,SSD,256,0
Dell,15.6,2.5,4,Windows,2.25,1995.528,Intel,1080,1920,Hybrid,1,0
Dell,15.6,2.7,16,Windows,2.32,3534.0490000000004,Intel,1080,1920,Hybrid,2,0
Dell,13.3,2.7,8,Windows,1.29,5204.694,Intel,1080,1920,SSD,256,0
Asus,17.3,2.7,64,Windows,3.58,14189.796,Intel,1080,1920,SSD,1,0
Dell,13.3,2.5,8,Windows,1.62,2848.706,Intel,1080,1920,SSD,256,0
Dell,15.6,2.6,16,Windows,3.21,4744.203,Intel,2160,3840,Hybrid,256,1
Apple,12.0,1.1,8,macos,0.920,4640.688,Intel,1440,2304,SSD,256,0
Dell,15.6,2.3,4,Windows,2.06,1720.5600000000002,Intel,768,1366,Hybrid,500,0
HP,15.6,2.3,4,Windows,2.31,4280.161,Intel,768,1366,Hybrid,500,0
HP,12.5,2.3,8,Windows,1.26,4280.161,Intel,1080,1920,SSD,256,0
HP,13.3,2.7,8,Windows,1.49,3891.025,Intel,1080,1920,SSD,256,0
Lenovo,12.5,2.5,8,Windows,1.3,6116.765,Intel,1080,1920,SSD,256,0
Lenovo,17.3,2.3,8,Windows,3.0,2352.5040000000004,Intel,900,1600,Hybrid,1,0
Lenovo,15.6,2.3,4,Windows,2.3,3487.6850000000004,Intel,1080,1920,Hybrid,1,0
Lenovo,15.6,2.3,4,Windows,2.1,1927.6570000000002,Intel,768,1366,Hybrid,500,0
HP,15.6,2.3,4,Windows,2.31,3355.561,Intel,1080,1920,Hybrid,500,0
Lenovo,12.5,1.2,8,Windows,0.99,4994.113,Intel,1440,2560,SSD,512,0
Lenovo,17.3,2.7,32,Windows,4.6,11566.009,Intel,1080,1920,Hybrid,512,1
Lenovo,10.1,1.44,4,Windows,0.69,2307.011,Intel,1200,1920,SSD,64,0
HP,13.3,2.7,16,Windows,1.3,7314.457,Intel,2160,3840,SSD,512,0
Dell,15.6,2.5,8,Windows,2.18,2677.32,Intel,1080,1920,SSD,256,0
HP,14.0,2.3,4,Windows,1.54,3680.3770000000004,Intel,1080,1920,Hybrid,500,0
HP,15.6,2.5,8,Windows,1.9,5336.818,Intel,1080,1920,SSD,256,0
Lenovo,14.0,2.3,8,Windows,1.7,4280.161,Intel,1080,1920,SSD,180,0
HP,13.3,1.5,4,other,1.29,2195.389,Intel,1800,3200,SSD,32,0
Acer,15.6,2.2,4,Windows,2.4,1381.4730000000002,AMD,768,1366,Hybrid,500,0
Dell,15.6,1.6,4,Linux,2.2,1404.655,Intel,768,1366,Hybrid,500,0
Asus,17.3,2.8,8,Windows,2.7,5708.0650000000005,Intel,1080,1920,Hybrid,256,1
Dell,13.3,1.6,4,Windows,1.4,2921.3340000000003,Intel,1080,1920,SSD,256,0
HP,12.5,2.3,4,Windows,2.4,5708.0650000000005,Intel,768,1366,SSD,128,0
Acer,15.6,2.5,8,Windows,2.4,2852.257,Intel,1080,1920,Hybrid,256,1
Dell,15.6,2.5,8,Windows,2.36,2280.3450000000003,Intel,1080,1920,Hybrid,1,0
HP,15.6,1.6,4,Windows,1.96,1784.88,Intel,768,1366,Hybrid,1,0
Asus,17.3,2.6,16,Windows,4.3,8206.897,Intel,1080,1920,Hybrid,128,1
Dell,12.5,2.3,4,Windows,1.5,4052.2270000000003,Intel,768,1366,Hybrid,500,0
Dell,12.5,2.3,4,Windows,1.5,4165.792,Intel,768,1366,SSD,128,0
Acer,15.6,1.5,4,other,2.20,746.1120000000001,Intel,768,1366,SSD,16,0
HP,17.3,2.6,8,Windows,3.0,10348.753,Intel,1080,1920,Hybrid,1,0
Lenovo,15.6,2.8,16,Windows,2.4,4280.161,Intel,1080,1920,SSD,512,0
Dell,12.5,2.3,8,Windows,1.5,5044.43,Intel,768,1366,SSD,256,0
Lenovo,15.6,2.3,4,Windows,2.1,3094.998,Intel,1080,1920,SSD,256,0
HP,15.6,2.5,4,Windows,2.1,1420.7350000000001,AMD,1080,1920,Hybrid,1,0
Asus,15.6,2.6,16,Windows,2.59,4779.914000000001,Intel,1080,1920,Hybrid,128,1
HP,13.3,1.1,8,Windows,1.16,6065.041,Intel,1800,3200,SSD,256,0
Dell,15.6,2.3,4,Windows,2.24,2745.6600000000003,Intel,768,1366,Hybrid,500,0
Lenovo,15.6,2.0,4,Windows,2.1,1531.419,Intel,768,1366,SSD,128,0
HP,13.3,2.5,8,Windows,1.16,7028.836,Intel,1080,1920,SSD,512,0
Lenovo,10.1,1.44,4,other,0.69,1959.817,Intel,1200,1920,SSD,64,0
Dell,13.3,2.4,8,Windows,1.23,4922.691000000001,Intel,1080,1920,SSD,256,0
Lenovo,17.3,2.7,16,Windows,4.6,9816.773000000001,Intel,1080,1920,Hybrid,256,1
Asus,17.3,2.6,8,Windows,3.52,4685.243,Intel,1080,1920,Hybrid,128,1
HP,13.3,2.3,8,Windows,1.16,6032.881,Intel,1080,1920,SSD,256,0
HP,14.0,2.3,8,Windows,1.43,5401.071,Intel,1080,1920,SSD,256,0
Dell,15.6,2.3,4,Linux,2.09,1869.2330000000002,Intel,768,1366,Hybrid,500,0
Asus,15.6,2.4,4,Windows,2,1552.8590000000002,Intel,768,1366,Hybrid,1,0
Lenovo,14.0,2.5,8,Windows,1.8,5957.908,Intel,1080,1920,SSD,256,0
Lenovo,10.1,1.44,4,Windows,0.69,1709.9070000000002,Intel,1200,1920,SSD,64,0
HP,12.5,2.4,8,Windows,1.26,6764.722000000001,Intel,768,1366,SSD,256,0
HP,17.3,2.3,8,Windows,3.35,4030.251,Intel,1080,1920,Hybrid,128,1
HP,15.6,2.7,8,Windows,2.04,2245.371,Intel,768,1366,Hybrid,2,0
Lenovo,14.0,2.6,8,Windows,1.8,7319.348000000001,Intel,1080,1920,SSD,512,0
Asus,14.0,1.1,4,Windows,1.5,992.4040000000001,Intel,768,1366,SSD,32,0
HP,15.6,2.7,8,Windows,1.84,2684.489,Intel,1080,1920,SSD,256,0
Acer,15.6,2.5,4,Windows,2.23,2198.94,Intel,1080,1920,Hybrid,1,0
Lenovo,15.6,2.5,16,Windows,2.5,3923.1850000000004,Intel,1080,1920,Hybrid,1,0
HP,17.3,2.6,8,Windows,3,14098.408000000001,Intel,1080,1920,SSD,256,0
Dell,15.6,2.5,8,Windows,2.5,2798.724,Intel,768,1366,Hybrid,1,0
HP,15.6,2.5,8,Windows,1.88,7752.503000000001,Intel,1080,1920,SSD,256,0
Lenovo,14.0,2.6,16,Windows,2.8,8710.201000000001,Intel,1440,2560,SSD,512,0
HP,13.3,2.4,8,Windows,1.48,5815.131,Intel,1080,1920,SSD,256,0
HP,15.6,2.6,8,Windows,2.59,7956.987,Intel,1080,1920,SSD,256,0
HP,13.3,2.6,8,Windows,1.48,6422.017000000001,Intel,1440,2560,SSD,256,0
HP,15.6,2.6,8,Windows,2.0,6778.993,Intel,1080,1920,SSD,256,0
HP,12.5,2.5,8,Windows,1.26,8199.527,Intel,1080,1920,SSD,256,0
Dell,15.6,2.7,8,Windows,2.18,3605.0690000000004,Intel,1080,1920,SSD,256,0
HP,15.6,2.3,8,Windows,1.88,5636.643,Intel,1080,1920,SSD,256,0
Lenovo,14.0,2.5,8,Windows,1.27,8349.674,Intel,1440,2560,SSD,256,0
HP,15.6,1.8,4,Windows,1.86,1060.208,AMD,768,1366,Hybrid,500,0
Dell,15.6,2.8,8,Windows,2.62,4280.161,Intel,1080,1920,Hybrid,1,0
Dell,15.6,2.3,8,Windows,2.04,8034.372,Intel,2160,3840,SSD,256,0
HP,15.6,2.5,4,Windows,1.91,1709.505,AMD,1080,1920,SSD,256,0
Lenovo,14.0,2.6,12,Windows,1.4,8206.897,Intel,1080,1920,SSD,512,0
Lenovo,15.6,2.3,8,Windows,2.5,2814.737,Intel,1080,1920,Hybrid,1,0
HP,13.3,2.6,8,Windows,1.48,7285.848000000001,Intel,1440,2560,SSD,512,0
Lenovo,14.0,2.6,8,Windows,1.7,5351.089,Intel,1080,1920,SSD,256,0
HP,15.6,2.8,8,Windows,2.62,3209.233,Intel,1080,1920,Hybrid,1,0
Lenovo,15.6,2.0,8,Windows,2.2,1638.5520000000001,Intel,768,1366,Hybrid,1,0
Dell,15.6,2.8,8,Windows,2.62,5347.4710000000005,Intel,2160,3840,Hybrid,128,1
Lenovo,15.6,2.5,8,Windows,1.95,4961.953,Intel,1080,1920,SSD,256,0
Lenovo,15.6,2.0,4,Windows,2.2,1670.6450000000002,Intel,1080,1920,Hybrid,1,0
HP,14.0,1.6,2,Windows,1.44,888.889,Intel,768,1366,SSD,32,0
HP,15.6,2.5,8,Windows,1.96,2423.859,Intel,1080,1920,SSD,256,0
HP,15.6,1.8,16,Windows,2.1,4137.384,Intel,1080,1920,SSD,512,0
Asus,15.6,1.6,4,Windows,2.2,1317.22,Intel,768,1366,Hybrid,500,0
Asus,14.0,2.4,4,Windows,2,2745.1240000000003,Intel,1080,1920,SSD,256,0
Lenovo,15.6,2.5,4,Windows,2.32,2945.052,Intel,1080,1920,Hybrid,1,0
Lenovo,15.6,2.6,16,Windows,3.31,4658.51,Intel,1080,1920,SSD,512,0
HP,15.6,2.3,4,Windows,2.07,2320.344,Intel,768,1366,Hybrid,500,0
Lenovo,14.0,2.3,8,Windows,1.36,5843.673000000001,Intel,1440,2560,SSD,256,0
Lenovo,15.6,2.7,6,Windows,1.54,2966.492,Intel,1080,1920,SSD,256,0
Dell,15.6,2.7,8,Linux,1.98,3194.962,Intel,1080,1920,SSD,256,0
Acer,15.6,2.0,4,Windows,2.1,1188.7140000000002,Intel,768,1366,Hybrid,500,0
HP,15.6,2.6,6,Windows,2.18,2852.257,Intel,1080,1920,Hybrid,1,0
Asus,15.6,2.6,8,Windows,2.591,3244.9440000000004,Intel,1080,1920,Hybrid,256,1
Dell,15.6,2.7,16,Windows,2.09,4208.7390000000005,Intel,1080,1920,SSD,512,0
Acer,15.6,2.5,4,Windows,2.23,2466.672,Intel,1080,1920,SSD,256,0
Dell,13.3,2.4,8,Linux,1.23,3923.1850000000004,Intel,1800,3200,SSD,256,0
Acer,17.3,2.8,16,Windows,4.2,9277.825,Intel,1080,1920,Hybrid,256,1
Lenovo,15.6,2.5,8,Windows,2.4,2923.612,Intel,1080,1920,Hybrid,1,0
Samsung,12.3,2.0,4,other,1.15,2352.5040000000004,Samsung,1600,2400,SSD,32,0
HP,15.6,2.5,4,Windows,1.86,1731.3470000000002,Intel,768,1366,Hybrid,500,0
Apple,12.0,1.1,8,macos,0.920,4151.655000000001,Intel,1440,2304,SSD,256,0
Dell,13.3,2.5,8,Windows,1.6,4280.161,Intel,1080,1920,SSD,256,0
HP,15.6,2.8,12,Windows,2.21,4737.101000000001,Intel,1080,1920,Hybrid,128,1
Asus,17.3,2.6,16,Windows,4.3,7674.984,Intel,1080,1920,Hybrid,512,1
Acer,15.6,2.0,4,Linux,2.1,970.964,Intel,768,1366,Hybrid,1,0
Dell,15.6,2.0,4,Windows,2.3,1781.3290000000002,Intel,768,1366,SSD,128,0
Dell,13.3,2.7,16,Windows,1.2,9566.93,Intel,1800,3200,SSD,512,0
Asus,15.6,2.6,8,Windows,2.2,4173.028,Intel,1080,1920,Hybrid,1,0
Dell,15.6,2.5,8,Windows,2.36,3173.5220000000004,Intel,1080,1920,SSD,256,0
HP,15.6,2.5,8,Windows,1.91,2066.8830000000003,Intel,768,1366,SSD,256,0
Lenovo,15.6,2.2,4,Windows,2.2,1067.377,AMD,768,1366,Hybrid,500,0
Acer,17.3,2.0,8,Windows,3.3,2245.371,Intel,900,1600,Hybrid,1,0
Asus,15.6,2.8,16,Windows,2.2,8742.361,Intel,1080,1920,Hybrid,256,1
Apple,12.0,1.2,8,macos,0.920,4565.715,Intel,1440,2304,SSD,512,0
Asus,15.6,2.8,16,Windows,2.2,6243.529,Intel,1080,1920,Hybrid,128,1
Dell,15.6,2.5,8,Windows,2.191,3566.2090000000003,Intel,1080,1920,SSD,256,0
Asus,17.3,2.8,16,Windows,2.9,6957.481000000001,Intel,1080,1920,Hybrid,256,1
Acer,11.6,1.5,2,other,1.3,621.157,Intel,768,1366,SSD,32,0
Acer,17.3,2.0,4,Windows,3.3,2134.6870000000004,Intel,900,1600,Hybrid,1,0
Lenovo,15.6,2.6,8,Windows,2.6,4540.724,Intel,1080,1920,Hybrid,128,1
Acer,14.0,1.3,8,Windows,1.2,4101.673000000001,Intel,1080,1920,SSD,256,0
Lenovo,15.6,2.6,8,Windows,2.3,5458.155000000001,Intel,1080,1920,SSD,256,0
HP,15.6,2.7,6,Windows,2.1,1888.3950000000002,AMD,1080,1920,Hybrid,1,0
Dell,12.5,2.4,8,Windows,1.26,6116.296,Intel,1080,1920,SSD,256,0
Dell,15.0,2.4,4,Windows,2.08,1817.0400000000002,Intel,1080,1920,Hybrid,500,0
Asus,15.6,1.6,4,Windows,2.65,1103.088,Intel,768,1366,Hybrid,1,0
Dell,13.3,2.7,8,Windows,1.29,5272.5650000000005,Intel,1800,3200,SSD,256,0
Dell,15.6,2.5,4,Linux,2.18,1862.9350000000002,Intel,768,1366,Hybrid,1,0
Lenovo,15.6,2.6,16,Windows,2.6,3673.275,Intel,1080,1920,Hybrid,128,1
Lenovo,12.5,2.5,16,Windows,1.3,5890.104,Intel,1080,1920,SSD,512,0
Dell,15.6,2.4,8,Windows,2.3,1674.2630000000001,Intel,768,1366,Hybrid,1,0
Apple,11.6,1.6,4,macos,1.08,3423.4320000000002,Intel,768,1366,SSD,256,0
HP,15.6,2.0,4,Windows,2.1,1706.356,Intel,1080,1920,Hybrid,1,0
HP,14.0,2.5,8,Windows,1.54,7847.040000000001,Intel,1440,2560,SSD,256,0
Dell,15.6,2.3,4,Windows,2.24,2630.889,Intel,768,1366,Hybrid,500,0
Lenovo,13.3,2.7,16,Windows,1.4,5351.089,Intel,1080,1920,SSD,512,0
Lenovo,15.6,3.6,6,Windows,2.2,2133.213,AMD,1080,1920,SSD,256,0
Asus,13.3,2.5,8,Windows,1.45,4569.2660000000005,Intel,1080,1920,SSD,256,0
Acer,15.6,2.0,4,Linux,2.4,1291.559,Intel,768,1366,Hybrid,500,0
Dell,17.3,2.7,16,Windows,2.77,6422.017000000001,Intel,1080,1920,SSD,512,0
HP,14.0,2.3,4,Windows,1.54,3926.6690000000003,Intel,1080,1920,SSD,256,0
Dell,14.0,2.5,4,Windows,1.6,3123.54,Intel,768,1366,Hybrid,500,0
Asus,15.6,2.6,16,Windows,2.34,8299.692000000001,Intel,1080,1920,Hybrid,256,1
Dell,13.3,1.2,8,Windows,1.24,6471.999000000001,Intel,1800,3200,SSD,256,0
Dell,15.6,1.6,4,Linux,2.2,1156.621,Intel,768,1366,Hybrid,500,0
HP,15.6,2.5,4,Windows,1.86,1424.353,AMD,768,1366,Hybrid,500,0
Lenovo,15.6,2.3,6,Windows,2.4,2031.172,Intel,1080,1920,SSD,128,0
Lenovo,14.0,2.3,8,Windows,1.9,3826.7720000000004,Intel,1080,1920,SSD,256,0
Dell,15.6,1.6,4,Windows,2.2,1584.952,Intel,768,1366,Hybrid,500,0
Asus,15.6,1.1,4,Windows,2,1210.154,Intel,768,1366,Hybrid,1,0
Asus,17.3,2.6,16,Windows,4.0,6782.544000000001,Intel,1080,1920,Hybrid,128,1
Dell,15.6,2.0,4,Windows,2.29,1749.169,Intel,768,1366,Hybrid,500,0
Lenovo,15.6,2.5,8,Windows,2.32,3194.962,Intel,1080,1920,Hybrid,1,0
Lenovo,14.0,2.3,4,Windows,1.8,2973.661,Intel,1080,1920,SSD,128,0
Asus,13.3,0.9,8,Windows,1.2,2602.347,Intel,1080,1920,SSD,512,0
Dell,15.6,2.4,6,Windows,2.3,1638.5520000000001,Intel,768,1366,Hybrid,1,0
Acer,15.6,1.6,4,Linux,2.4,1031.6660000000002,Intel,768,1366,Hybrid,500,0
Dell,15.6,1.6,2,Windows,2.20,1352.931,Intel,768,1366,Hybrid,500,0
Lenovo,15.6,2.6,8,Windows,2.6,3209.233,Intel,1080,1920,Hybrid,1,0
HP,15.6,2.9,6,Windows,2.04,1963.3010000000002,AMD,1080,1920,Hybrid,1,0
Dell,15.6,2.7,8,Linux,2.3,2877.181,Intel,768,1366,Hybrid,1,0
HP,11.6,1.6,2,Windows,1.17,746.1120000000001,Intel,768,1366,SSD,32,0
Asus,15.6,2.5,4,Windows,2.2,2571.393,Intel,768,1366,Hybrid,500,0
Lenovo,14.0,2.5,4,Windows,1.8,2277.531,Intel,1080,1920,SSD,128,0
Lenovo,13.3,2.5,16,Windows,1.3,5351.089,Intel,1800,3200,SSD,512,0
Lenovo,14.0,1.6,2,Windows,1.5,817.4670000000001,Intel,768,1366,SSD,64,0
HP,15.6,2.5,6,Windows,2.19,2727.302,Intel,768,1366,Hybrid,1,0
Asus,15.6,1.6,4,Windows,2.2,1317.22,Intel,768,1366,Hybrid,500,0
Asus,13.3,0.9,8,Windows,1.2,2602.347,Intel,1080,1920,SSD,512,0
Dell,15.6,2.4,6,Windows,2.3,1638.5520000000001,Intel,768,1366,Hybrid,1,0
Acer,15.6,1.6,4,Linux,2.4,1031.6660000000002,Intel,768,1366,Hybrid,500,0
Dell,15.6,1.6,2,Windows,2.20,1352.931,Intel,768,1366,Hybrid,500,0
Lenovo,15.6,2.6,8,Windows,2.6,3209.233,Intel,1080,1920,Hybrid,1,0
HP,15.6,2.9,6,Windows,2.04,1963.3010000000002,AMD,1080,1920,Hybrid,1,0
Dell,15.6,2.7,8,Linux,2.3,2877.181,Intel,768,1366,Hybrid,1,0
HP,11.6,1.6,2,Windows,1.17,746.1120000000001,Intel,768,1366,SSD,32,0
Asus,15.6,2.5,4,Windows,2.2,2571.393,Intel,768,1366,Hybrid,500,0
Lenovo,14.0,2.5,4,Windows,1.8,2277.531,Intel,1080,1920,SSD,128,0
Lenovo,13.3,2.5,16,Windows,1.3,5351.089,Intel,1800,3200,SSD,512,0
Lenovo,14.0,1.6,2,Windows,1.5,817.4670000000001,Intel,768,1366,SSD,64,0
HP,15.6,2.5,6,Windows,2.19,2727.302,Intel,768,1366,Hybrid,1,0
Asus,15.6,1.6,4,Windows,2.2,1317.22,Intel,768,1366,Hybrid,500,0
Asus,13.3,0.9,8,Windows,1.2,2602.347,Intel,1080,1920,SSD,512,0
Dell,15.6,2.4,6,Windows,2.3,1638.5520000000001,Intel,768,1366,Hybrid,1,0
Acer,15.6,1.6,4,Linux,2.4,1031.6660000000002,Intel,768,1366,Hybrid,500,0
Dell,15.6,1.6,2,Windows,2.20,1352.931,Intel,768,1366,Hybrid,500,0
Lenovo,15.6,2.6,8,Windows,2.6,3209.233,Intel,1080,1920,Hybrid,1,0
HP,15.6,2.9,6,Windows,2.04,1963.3010000000002,AMD,1080,1920,Hybrid,1,0
Dell,15.6,2.7,8,Linux,2.3,2877.181,Intel,768,1366,Hybrid,1,0
HP,11.6,1.6,2,Windows,1.17,746.1120000000001,Intel,768,1366,SSD,32,0
Asus,15.6,2.5,4,Windows,2.2,2571.393,Intel,768,1366,Hybrid,500,0
Lenovo,14.0,2.5,4,Windows,1.8,2277.531,Intel,1080,1920,SSD,128,0
Lenovo,13.3,2.5,16,Windows,1.3,5351.089,Intel,1800,3200,SSD,512,0
Lenovo,14.0,1.6,2,Windows,1.5,817.4670000000001,Intel,768,1366,SSD,64,0
HP,15.6,2.5,6,Windows,2.19,2727.302,Intel,768,1366,Hybrid,1,0
Asus,15.6,1.6,4,Windows,2.2,1317.22,Intel,768,1366,Hybrid,500,0
